Workbook
Name Archivo_Edita_Nombre: Configura!$B$23
Name Archivo_Nombre: IFERROR(Nombre_Archivo,Archivo_Edita_Nombre)
Name DatosKanban: Datos!$A$2:$L$101
Name Fecha_Hoy: TODAY()
Name ListaCriticidad: Configura!$D$9:$D$11
Name ListaEstados: Configura!$B$9:$B$18
Name ListaUsuarios: Configura!$F$9:$F$23
Name miAsignado: KANBAN!$J$2
Name miCabeceraFinal: Datos!$H$1
Name miCabeceraInicio: Datos!$F$1
Name miCabeceraPrevisto: Datos!$G$1
Name miCabeceraRetraso: Datos!$J$1
Name miCabeceraTarea: Datos!$D$1
Name miCriticidad: IFERROR(MATCH(KANBAN!$O$2,Configura!$D$9:$D$11,0),"")
Name miDuración: KANBAN!$AI$2
Name miEstadoFinal: Configura!$B$20
Name miFechaInicio: KANBAN!$T$2
Name miIdioma: Configura!$B$5
Name miNúmEstadoFinal: IF(miEstadoFinal="",COUNTA(ListaEstados),MATCH(miEstadoFinal,ListaEstados,0))
Name miNúmLíneas: KANBAN!$F$2
Name miOrdenTarjeta: Configura!$I$9:$I$16
Name miRetraso: KANBAN!$AD$2
Name misAsignados: Datos!$K$2:$K$101
Name misCriticidades: Tareas!$C$2:$C$101
Name misDatosTareas: Datos!$D$1:$K$1
Name misEstados: Tareas!$B$2:$B$101
Name misFechasInicio: Datos!$F$2:$F$101
Name misFiltros: Tareas!$D$2:$D$101
Name misIdiomas: Idiomas!$B$1:INDEX(TablaIdiomas[#Headers],1,COUNTA(TablaIdiomas[#Headers]))
Name misLíneas: COUNTIF(Datos!$1:$1,"?*")+IF(ISNUMBER(miNúmLíneas),miNúmLíneas,1)-9
Name miTexto: KANBAN!$Y$2
Name Nombre_Archivo: MID(Nombre_Ruta,FIND("[",Nombre_Ruta)+1,FIND("]",Nombre_Ruta)-FIND("[",Nombre_Ruta)-1)
Name Nombre_Hoja: MID(Nombre_Ruta,FIND("]",Nombre_Ruta,1)+1,100)
Name Nombre_Ruta: CELL("nombrearchivo",!$A$1)

Sheet KANBAN
B2: =Configura!$B$2 -> Tablero KANBAN v3 ©️ | E2: =Idiomas!$A$22&" " -> Tarjetas con | F2: 8 | G2: =" "&Idiomas!$A$23 -> líneas | I2: =SUM(misFiltros)&" "&Idiomas!$A$24&" " -> 33 tareas asignadas a | N2: =Idiomas!$A$25&" " -> Con criticidad | S2: =Idiomas!$A$26&" " -> Con inicio desde | T2: 44562 | X2: =Idiomas!$A$27&" " -> Con el texto | AC2: =Idiomas!$A$28&" " -> Con un retraso > | AE2: =" "&Idiomas!$A$29 -> días | AH2: =Idiomas!$A$33&" " -> Con una duración > | AJ2: =" "&Idiomas!$A$29 -> días
B4: 1 | C4: {=IFERROR(INDEX(Configura!$B$9:$B$18,B4)&" ("&SUMIF(misEstados,B4,misFiltros)&" de "&SUM(misFiltros)&")","")} -> POR HACER (0 de 33) | F4: ^ | G4: =B4+1 -> 2 | H4: {=IFERROR(INDEX(Configura!$B$9:$B$18,G4)&" ("&SUMIF(misEstados,G4,misFiltros)&" de "&SUM(misFiltros)&")","")} -> EN PROGRESO (6 de 33) | K4: ^ | L4: =G4+1 -> 3 | M4: {=IFERROR(INDEX(Configura!$B$9:$B$18,L4)&" ("&SUMIF(misEstados,L4,misFiltros)&" de "&SUM(misFiltros)&")","")} -> EN ESPERA (0 de 33) | P4: ^ | Q4: =L4+1 -> 4 | R4: {=IFERROR(INDEX(Configura!$B$9:$B$18,Q4)&" ("&SUMIF(misEstados,Q4,misFiltros)&" de "&SUM(misFiltros)&")","")} -> COMPLETADO (27 de 33) | U4: ^ | V4: =Q4+1 -> 5 | W4: {=IFERROR(INDEX(Configura!$B$9:$B$18,V4)&" ("&SUMIF(misEstados,V4,misFiltros)&" de "&SUM(misFiltros)&")","")} -> ARCHIVADO (0 de 33) | Z4: ^ | AA4: =V4+1 -> 6 | AB4: {=IFERROR(INDEX(Configura!$B$9:$B$18,AA4)&" ("&SUMIF(misEstados,AA4,misFiltros)&" de "&SUM(misFiltros)&")","")} -> POR HACER (0 de 33) | AE4: ^ | AF4: =AA4+1 -> 7 | AG4: {=IFERROR(INDEX(Configura!$B$9:$B$18,AF4)&" ("&SUMIF(misEstados,AF4,misFiltros)&" de "&SUM(misFiltros)&")","")} -> EN PROGRESO (0 de 33) | AJ4: ^ | AK4: =AF4+1 -> 8 | AL4: {=IFERROR(INDEX(Configura!$B$9:$B$18,AK4)&" ("&SUMIF(misEstados,AK4,misFiltros)&" de "&SUM(misFiltros)&")","")} -> (0 de 33) | AO4: ^ | AP4: =AK4+1 -> 9 | AQ4: {=IFERROR(INDEX(Configura!$B$9:$B$18,AP4)&" ("&SUMIF(misEstados,AP4,misFiltros)&" de "&SUM(misFiltros)&")","")} -> (0 de 33) | AT4: ^ | AU4: =AP4+1 -> 10 | AV4: {=IFERROR(INDEX(Configura!$B$9:$B$18,AU4)&" ("&SUMIF(misEstados,AU4,misFiltros)&" de "&SUM(misFiltros)&")","")} -> (0 de 33) | AY4: ^
C6: {=IF(OR(Formulas!E3=0,Formulas!E3="",RIGHT(Formulas!F3)="0"),"", HYPERLINK("["&Archivo_Nombre&"]Datos!"&LEFT(SUBSTITUTE(ADDRESS(1,IF(Formulas!E3=1,1,RIGHT(Formulas!F3)+2)),"$",""))&Formulas!D3+1, IFERROR(INDEX(Datos!$A$1:$L$1,1,RIGHT(Formulas!F3)+2)&IF(Formulas!E3=1," "&Formulas!D3,"")&":","")))} | D6: {=IF(OR(Formulas!E3=0,Formulas!E3="",RIGHT(Formulas!F3)="0"),"", HYPERLINK("["&Archivo_Nombre&"]Datos!"&LEFT(SUBSTITUTE(ADDRESS(1,RIGHT(Formulas!F3)+2),"$",""))&Formulas!D3+1, IFERROR(INDEX(Datos!$A$2:$L$101,Formulas!D3,RIGHT(Formulas!F3)+2),"")))} | E6: {=IF(OR(Formulas!F4=0,Formulas!F4=""),"",HYPERLINK("["&Archivo_Nombre&"]Datos!"&LEFT(SUBSTITUTE(ADDRESS(1,Formulas!F4+2),"$",""))&Formulas!E4+1, IFERROR(INDEX(Datos!$A$2:$L$101,Formulas!E4,Formulas!F4+2),"")))} | H6: {=IF(OR(Formulas!J3=0,Formulas!J3="",RIGHT(Formulas!K3)="0"),"", HYPERLINK("["&Archivo_Nombre&"]Datos!"&LEFT(SUBSTITUTE(ADDRESS(1,IF(Formulas!J3=1,1,RIGHT(Formulas!K3)+2)),"$",""))&Formulas!I3+1, IFERROR(INDEX(Datos!$A$1:$L$1,1,RIGHT(Formulas!K3)+2)&IF(Formulas!J3=1," "&Formulas!I3,"")&":","")))} -> ORDEN PCRONOLOGICO 33: | I6: {=IF(OR(Formulas!J3=0,Formulas!J3="",RIGHT(Formulas!K3)="0"),"", HYPERLINK("["&Archivo_Nombre&"]Datos!"&LEFT(SUBSTITUTE(ADDRESS(1,RIGHT(Formulas!K3)+2),"$",""))&Formulas!I3+1, IFERROR(INDEX(Datos!$A$2:$L$101,Formulas!I3,RIGHT(Formulas!K3)+2),"")))} -> 0 | J6: {=IF(OR(Formulas!K4=0,Formulas!K4=""),"",HYPERLINK("["&Archivo_Nombre&"]Datos!"&LEFT(SUBSTITUTE(ADDRESS(1,Formulas!K4+2),"$",""))&Formulas!J4+1, IFERROR(INDEX(Datos!$A$2:$L$101,Formulas!J4,Formulas!K4+2),"")))} -> #VALUE! | M6: {=IF(OR(Formulas!O3=0,Formulas!O3="",RIGHT(Formulas!P3)="0"),"", HYPERLINK("["&Archivo_Nombre&"]Datos!"&LEFT(SUBSTITUTE(ADDRESS(1,IF(Formulas!O3=1,1,RIGHT(Formulas!P3)+2)),"$",""))&Formulas!N3+1, IFERROR(INDEX(Datos!$A$1:$L$1,1,RIGHT(Formulas!P3)+2)&IF(Formulas!O3=1," "&Formulas!N3,"")&":","")))} | N6: {=IF(OR(Formulas!O3=0,Formulas!O3="",RIGHT(Formulas!P3)="0"),"", HYPERLINK("["&Archivo_Nombre&"]Datos!"&LEFT(SUBSTITUTE(ADDRESS(1,RIGHT(Formulas!P3)+2),"$",""))&Formulas!N3+1, IFERROR(INDEX(Datos!$A$2:$L$101,Formulas!N3,RIGHT(Formulas!P3)+2),"")))} | O6: {=IF(OR(Formulas!P4=0,Formulas!P4=""),"",HYPERLINK("["&Archivo_Nombre&"]Datos!"&LEFT(SUBSTITUTE(ADDRESS(1,Formulas!P4+2),"$",""))&Formulas!O4+1, IFERROR(INDEX(Datos!$A$2:$L$101,Formulas!O4,Formulas!P4+2),"")))} | R6: {=IF(OR(Formulas!T3=0,Formulas!T3="",RIGHT(Formulas!U3)="0"),"", HYPERLINK("["&Archivo_Nombre&"]Datos!"&LEFT(SUBSTITUTE(ADDRESS(1,IF(Formulas!T3=1,1,RIGHT(Formulas!U3)+2)),"$",""))&Formulas!S3+1, IFERROR(INDEX(Datos!$A$1:$L$1,1,RIGHT(Formulas!U3)+2)&IF(Formulas!T3=1," "&Formulas!S3,"")&":","")))} -> ORDEN PCRONOLOGICO 29: | S6: {=IF(OR(Formulas!T3=0,Formulas!T3="",RIGHT(Formulas!U3)="0"),"", HYPERLINK("["&Archivo_Nombre&"]Datos!"&LEFT(SUBSTITUTE(ADDRESS(1,RIGHT(Formulas!U3)+2),"$",""))&Formulas!S3+1, IFERROR(INDEX(Datos!$A$2:$L$101,Formulas!S3,RIGHT(Formulas!U3)+2),"")))} -> 29 | T6: {=IF(OR(Formulas!U4=0,Formulas!U4=""),"",HYPERLINK("["&Archivo_Nombre&"]Datos!"&LEFT(SUBSTITUTE(ADDRESS(1,Formulas!U4+2),"$",""))&Formulas!T4+1, IFERROR(INDEX(Datos!$A$2:$L$101,Formulas!T4,Formulas!U4+2),"")))} -> #VALUE! | W6: {=IF(OR(Formulas!Y3=0,Formulas!Y3="",RIGHT(Formulas!Z3)="0"),"", HYPERLINK("["&Archivo_Nombre&"]Datos!"&LEFT(SUBSTITUTE(ADDRESS(1,IF(Formulas!Y3=1,1,RIGHT(Formulas!Z3)+2)),"$",""))&Formulas!X3+1, IFERROR(INDEX(Datos!$A$1:$L$1,1,RIGHT(Formulas!Z3)+2)&IF(Formulas!Y3=1," "&Formulas!X3,"")&":","")))} | X6: {=IF(OR(Formulas!Y3=0,Formulas!Y3="",RIGHT(Formulas!Z3)="0"),"", HYPERLINK("["&Archivo_Nombre&"]Datos!"&LEFT(SUBSTITUTE(ADDRESS(1,RIGHT(Formulas!Z3)+2),"$",""))&Formulas!X3+1, IFERROR(INDEX(Datos!$A$2:$L$101,Formulas!X3,RIGHT(Formulas!Z3)+2),"")))} | Y6: {=IF(OR(Formulas!Z4=0,Formulas!Z4=""),"",HYPERLINK("["&Archivo_Nombre&"]Datos!"&LEFT(SUBSTITUTE(ADDRESS(1,Formulas!Z4+2),"$",""))&Formulas!Y4+1, IFERROR(INDEX(Datos!$A$2:$L$101,Formulas!Y4,Formulas!Z4+2),"")))} | AB6: {=IF(OR(Formulas!AD3=0,Formulas!AD3="",RIGHT(Formulas!AE3)="0"),"", HYPERLINK("["&Archivo_Nombre&"]Datos!"&LEFT(SUBSTITUTE(ADDRESS(1,IF(Formulas!AD3=1,1,RIGHT(Formulas!AE3)+2)),"$",""))&Formulas!AC3+1, IFERROR(INDEX(Datos!$A$1:$L$1,1,RIGHT(Formulas!AE3)+2)&IF(Formulas!AD3=1," "&Formulas!AC3,"")&":","")))} | AC6: {=IF(OR(Formulas!AD3=0,Formulas!AD3="",RIGHT(Formulas!AE3)="0"),"", HYPERLINK("["&Archivo_Nombre&"]Datos!"&LEFT(SUBSTITUTE(ADDRESS(1,RIGHT(Formulas!AE3)+2),"$",""))&Formulas!AC3+1, IFERROR(INDEX(Datos!$A$2:$L$101,Formulas!AC3,RIGHT(Formulas!AE3)+2),"")))} | AD6: {=IF(OR(Formulas!AE4=0,Formulas!AE4=""),"",HYPERLINK("["&Archivo_Nombre&"]Datos!"&LEFT(SUBSTITUTE(ADDRESS(1,Formulas!AE4+2),"$",""))&Formulas!AD4+1, IFERROR(INDEX(Datos!$A$2:$L$101,Formulas!AD4,Formulas!AE4+2),"")))} | AG6: {=IF(OR(Formulas!AI3=0,Formulas!AI3="",RIGHT(Formulas!AJ3)="0"),"", HYPERLINK("["&Archivo_Nombre&"]Datos!"&LEFT(SUBSTITUTE(ADDRESS(1,IF(Formulas!AI3=1,1,RIGHT(Formulas!AJ3)+2)),"$",""))&Formulas!AH3+1, IFERROR(INDEX(Datos!$A$1:$L$1,1,RIGHT(Formulas!AJ3)+2)&IF(Formulas!AI3=1," "&Formulas!AH3,"")&":","")))} | AH6: {=IF(OR(Formulas!AI3=0,Formulas!AI3="",RIGHT(Formulas!AJ3)="0"),"", HYPERLINK("["&Archivo_Nombre&"]Datos!"&LEFT(SUBSTITUTE(ADDRESS(1,RIGHT(Formulas!AJ3)+2),"$",""))&Formulas!AH3+1, IFERROR(INDEX(Datos!$A$2:$L$101,Formulas!AH3,RIGHT(Formulas!AJ3)+2),"")))} | AI6: {=IF(OR(Formulas!AJ4=0,Formulas!AJ4=""),"",HYPERLINK("["&Archivo_Nombre&"]Datos!"&LEFT(SUBSTITUTE(ADDRESS(1,Formulas!AJ4+2),"$",""))&Formulas!AI4+1, IFERROR(INDEX(Datos!$A$2:$L$101,Formulas!AI4,Formulas!AJ4+2),"")))} | AL6: {=IF(OR(Formulas!AN3=0,Formulas!AN3="",RIGHT(Formulas!AO3)="0"),"", HYPERLINK("["&Archivo_Nombre&"]Datos!"&LEFT(SUBSTITUTE(ADDRESS(1,IF(Formulas!AN3=1,1,RIGHT(Formulas!AO3)+2)),"$",""))&Formulas!AM3+1, IFERROR(INDEX(Datos!$A$1:$L$1,1,RIGHT(Formulas!AO3)+2)&IF(Formulas!AN3=1," "&Formulas!AM3,"")&":","")))} | AM6: {=IF(OR(Formulas!AN3=0,Formulas!AN3="",RIGHT(Formulas!AO3)="0"),"", HYPERLINK("["&Archivo_Nombre&"]Datos!"&LEFT(SUBSTITUTE(ADDRESS(1,RIGHT(Formulas!AO3)+2),"$",""))&Formulas!AM3+1, IFERROR(INDEX(Datos!$A$2:$L$101,Formulas!AM3,RIGHT(Formulas!AO3)+2),"")))} | AN6: {=IF(OR(Formulas!AO4=0,Formulas!AO4=""),"",HYPERLINK("["&Archivo_Nombre&"]Datos!"&LEFT(SUBSTITUTE(ADDRESS(1,Formulas!AO4+2),"$",""))&Formulas!AN4+1, IFERROR(INDEX(Datos!$A$2:$L$101,Formulas!AN4,Formulas!AO4+2),"")))} | AQ6: {=IF(OR(Formulas!AS3=0,Formulas!AS3="",RIGHT(Formulas!AT3)="0"),"", HYPERLINK("["&Archivo_Nombre&"]Datos!"&LEFT(SUBSTITUTE(ADDRESS(1,IF(Formulas!AS3=1,1,RIGHT(Formulas!AT3)+2)),"$",""))&Formulas!AR3+1, IFERROR(INDEX(Datos!$A$1:$L$1,1,RIGHT(Formulas!AT3)+2)&IF(Formulas!AS3=1," "&Formulas!AR3,"")&":","")))} | AR6: {=IF(OR(Formulas!AS3=0,Formulas!AS3="",RIGHT(Formulas!AT3)="0"),"", HYPERLINK("["&Archivo_Nombre&"]Datos!"&LEFT(SUBSTITUTE(ADDRESS(1,RIGHT(Formulas!AT3)+2),"$",""))&Formulas!AR3+1, IFERROR(INDEX(Datos!$A$2:$L$101,Formulas!AR3,RIGHT(Formulas!AT3)+2),"")))} | AS6: {=IF(OR(Formulas!AT4=0,Formulas!AT4=""),"",HYPERLINK("["&Archivo_Nombre&"]Datos!"&LEFT(SUBSTITUTE(ADDRESS(1,Formulas!AT4+2),"$",""))&Formulas!AS4+1, IFERROR(INDEX(Datos!$A$2:$L$101,Formulas!AS4,Formulas!AT4+2),"")))} | AV6: {=IF(OR(Formulas!AX3=0,Formulas!AX3="",RIGHT(Formulas!AY3)="0"),"", HYPERLINK("["&Archivo_Nombre&"]Datos!"&LEFT(SUBSTITUTE(ADDRESS(1,IF(Formulas!AX3=1,1,RIGHT(Formulas!AY3)+2)),"$",""))&Formulas!AW3+1, IFERROR(INDEX(Datos!$A$1:$L$1,1,RIGHT(Formulas!AY3)+2)&IF(Formulas!AX3=1," "&Formulas!AW3,"")&":","")))} | AW6: {=IF(OR(Formulas!AX3=0,Formulas!AX3="",RIGHT(Formulas!AY3)="0"),"", HYPERLINK("["&Archivo_Nombre&"]Datos!"&LEFT(SUBSTITUTE(ADDRESS(1,RIGHT(Formulas!AY3)+2),"$",""))&Formulas!AW3+1, IFERROR(INDEX(Datos!$A$2:$L$101,Formulas!AW3,RIGHT(Formulas!AY3)+2),"")))} | AX6: {=IF(OR(Formulas!AY4=0,Formulas!AY4=""),"",HYPERLINK("["&Archivo_Nombre&"]Datos!"&LEFT(SUBSTITUTE(ADDRESS(1,Formulas!AY4+2),"$",""))&Formulas!AX4+1, IFERROR(INDEX(Datos!$A$2:$L$101,Formulas!AX4,Formulas!AY4+2),"")))}
C7: {=IF(OR(Formulas!E4=0,Formulas!E4="",RIGHT(Formulas!F4)="0"),"", HYPERLINK("["&Archivo_Nombre&"]Datos!"&LEFT(SUBSTITUTE(ADDRESS(1,IF(Formulas!E4=1,1,RIGHT(Formulas!F4)+2)),"$",""))&Formulas!D4+1, IFERROR(INDEX(Datos!$A$1:$L$1,1,RIGHT(Formulas!F4)+2)&IF(Formulas!E4=1," "&Formulas!D4,"")&":","")))} | D7: {=IF(OR(Formulas!E4=0,Formulas!E4="",RIGHT(Formulas!F4)="0"),"", HYPERLINK("["&Archivo_Nombre&"]Datos!"&LEFT(SUBSTITUTE(ADDRESS(1,RIGHT(Formulas!F4)+2),"$",""))&Formulas!D4+1, IFERROR(INDEX(Datos!$A$2:$L$101,Formulas!D4,RIGHT(Formulas!F4)+2),"")))} | E7: {=IF(OR(Formulas!F5=0,Formulas!F5=""),"",HYPERLINK("["&Archivo_Nombre&"]Datos!"&LEFT(SUBSTITUTE(ADDRESS(1,Formulas!F5+2),"$",""))&Formulas!E5+1, IFERROR(INDEX(Datos!$A$2:$L$101,Formulas!E5,Formulas!F5+2),"")))} | H7: {=IF(OR(Formulas!J4=0,Formulas!J4="",RIGHT(Formulas!K4)="0"),"", HYPERLINK("["&Archivo_Nombre&"]Datos!"&LEFT(SUBSTITUTE(ADDRESS(1,IF(Formulas!J4=1,1,RIGHT(Formulas!K4)+2)),"$",""))&Formulas!I4+1, IFERROR(INDEX(Datos!$A$1:$L$1,1,RIGHT(Formulas!K4)+2)&IF(Formulas!J4=1," "&Formulas!I4,"")&":","")))} -> Tarea: | I7: {=IF(OR(Formulas!J4=0,Formulas!J4="",RIGHT(Formulas!K4)="0"),"", HYPERLINK("["&Archivo_Nombre&"]Datos!"&LEFT(SUBSTITUTE(ADDRESS(1,RIGHT(Formulas!K4)+2),"$",""))&Formulas!I4+1, IFERROR(INDEX(Datos!$A$2:$L$101,Formulas!I4,RIGHT(Formulas!K4)+2),"")))} -> Finalización del sprint 3 | J7: {=IF(OR(Formulas!K5=0,Formulas!K5=""),"",HYPERLINK("["&Archivo_Nombre&"]Datos!"&LEFT(SUBSTITUTE(ADDRESS(1,Formulas!K5+2),"$",""))&Formulas!J5+1, IFERROR(INDEX(Datos!$A$2:$L$101,Formulas!J5,Formulas!K5+2),"")))} -> #VALUE! | M7: {=IF(OR(Formulas!O4=0,Formulas!O4="",RIGHT(Formulas!P4)="0"),"", HYPERLINK("["&Archivo_Nombre&"]Datos!"&LEFT(SUBSTITUTE(ADDRESS(1,IF(Formulas!O4=1,1,RIGHT(Formulas!P4)+2)),"$",""))&Formulas!N4+1, IFERROR(INDEX(Datos!$A$1:$L$1,1,RIGHT(Formulas!P4)+2)&IF(Formulas!O4=1," "&Formulas!N4,"")&":","")))} | N7: {=IF(OR(Formulas!O4=0,Formulas!O4="",RIGHT(Formulas!P4)="0"),"", HYPERLINK("["&Archivo_Nombre&"]Datos!"&LEFT(SUBSTITUTE(ADDRESS(1,RIGHT(Formulas!P4)+2),"$",""))&Formulas!N4+1, IFERROR(INDEX(Datos!$A$2:$L$101,Formulas!N4,RIGHT(Formulas!P4)+2),"")))} | O7: {=IF(OR(Formulas!P5=0,Formulas!P5=""),"",HYPERLINK("["&Archivo_Nombre&"]Datos!"&LEFT(SUBSTITUTE(ADDRESS(1,Formulas!P5+2),"$",""))&Formulas!O5+1, IFERROR(INDEX(Datos!$A$2:$L$101,Formulas!O5,Formulas!P5+2),"")))} | R7: {=IF(OR(Formulas!T4=0,Formulas!T4="",RIGHT(Formulas!U4)="0"),"", HYPERLINK("["&Archivo_Nombre&"]Datos!"&LEFT(SUBSTITUTE(ADDRESS(1,IF(Formulas!T4=1,1,RIGHT(Formulas!U4)+2)),"$",""))&Formulas!S4+1, IFERROR(INDEX(Datos!$A$1:$L$1,1,RIGHT(Formulas!U4)+2)&IF(Formulas!T4=1," "&Formulas!S4,"")&":","")))} -> Tarea: | S7: {=IF(OR(Formulas!T4=0,Formulas!T4="",RIGHT(Formulas!U4)="0"),"", HYPERLINK("["&Archivo_Nombre&"]Datos!"&LEFT(SUBSTITUTE(ADDRESS(1,RIGHT(Formulas!U4)+2),"$",""))&Formulas!S4+1, IFERROR(INDEX(Datos!$A$2:$L$101,Formulas!S4,RIGHT(Formulas!U4)+2),"")))} -> Resultados de las pruebas finales Stakeholder de desarrollo y de la organización | T7: {=IF(OR(Formulas!U5=0,Formulas!U5=""),"",HYPERLINK("["&Archivo_Nombre&"]Datos!"&LEFT(SUBSTITUTE(ADDRESS(1,Formulas!U5+2),"$",""))&Formulas!T5+1, IFERROR(INDEX(Datos!$A$2:$L$101,Formulas!T5,Formulas!U5+2),"")))} -> #VALUE! | W7: {=IF(OR(Formulas!Y4=0,Formulas!Y4="",RIGHT(Formulas!Z4)="0"),"", HYPERLINK("["&Archivo_Nombre&"]Datos!"&LEFT(SUBSTITUTE(ADDRESS(1,IF(Formulas!Y4=1,1,RIGHT(Formulas!Z4)+2)),"$",""))&Formulas!X4+1, IFERROR(INDEX(Datos!$A$1:$L$1,1,RIGHT(Formulas!Z4)+2)&IF(Formulas!Y4=1," "&Formulas!X4,"")&":","")))} | X7: {=IF(OR(Formulas!Y4=0,Formulas!Y4="",RIGHT(Formulas!Z4)="0"),"", HYPERLINK("["&Archivo_Nombre&"]Datos!"&LEFT(SUBSTITUTE(ADDRESS(1,RIGHT(Formulas!Z4)+2),"$",""))&Formulas!X4+1, IFERROR(INDEX(Datos!$A$2:$L$101,Formulas!X4,RIGHT(Formulas!Z4)+2),"")))} | Y7: {=IF(OR(Formulas!Z5=0,Formulas!Z5=""),"",HYPERLINK("["&Archivo_Nombre&"]Datos!"&LEFT(SUBSTITUTE(ADDRESS(1,Formulas!Z5+2),"$",""))&Formulas!Y5+1, IFERROR(INDEX(Datos!$A$2:$L$101,Formulas!Y5,Formulas!Z5+2),"")))} | AB7: {=IF(OR(Formulas!AD4=0,Formulas!AD4="",RIGHT(Formulas!AE4)="0"),"", HYPERLINK("["&Archivo_Nombre&"]Datos!"&LEFT(SUBSTITUTE(ADDRESS(1,IF(Formulas!AD4=1,1,RIGHT(Formulas!AE4)+2)),"$",""))&Formulas!AC4+1, IFERROR(INDEX(Datos!$A$1:$L$1,1,RIGHT(Formulas!AE4)+2)&IF(Formulas!AD4=1," "&Formulas!AC4,"")&":","")))} | AC7: {=IF(OR(Formulas!AD4=0,Formulas!AD4="",RIGHT(Formulas!AE4)="0"),"", HYPERLINK("["&Archivo_Nombre&"]Datos!"&LEFT(SUBSTITUTE(ADDRESS(1,RIGHT(Formulas!AE4)+2),"$",""))&Formulas!AC4+1, IFERROR(INDEX(Datos!$A$2:$L$101,Formulas!AC4,RIGHT(Formulas!AE4)+2),"")))} | AD7: {=IF(OR(Formulas!AE5=0,Formulas!AE5=""),"",HYPERLINK("["&Archivo_Nombre&"]Datos!"&LEFT(SUBSTITUTE(ADDRESS(1,Formulas!AE5+2),"$",""))&Formulas!AD5+1, IFERROR(INDEX(Datos!$A$2:$L$101,Formulas!AD5,Formulas!AE5+2),"")))} | AG7: {=IF(OR(Formulas!AI4=0,Formulas!AI4="",RIGHT(Formulas!AJ4)="0"),"", HYPERLINK("["&Archivo_Nombre&"]Datos!"&LEFT(SUBSTITUTE(ADDRESS(1,IF(Formulas!AI4=1,1,RIGHT(Formulas!AJ4)+2)),"$",""))&Formulas!AH4+1, IFERROR(INDEX(Datos!$A$1:$L$1,1,RIGHT(Formulas!AJ4)+2)&IF(Formulas!AI4=1," "&Formulas!AH4,"")&":","")))} | AH7: {=IF(OR(Formulas!AI4=0,Formulas!AI4="",RIGHT(Formulas!AJ4)="0"),"", HYPERLINK("["&Archivo_Nombre&"]Datos!"&LEFT(SUBSTITUTE(ADDRESS(1,RIGHT(Formulas!AJ4)+2),"$",""))&Formulas!AH4+1, IFERROR(INDEX(Datos!$A$2:$L$101,Formulas!AH4,RIGHT(Formulas!AJ4)+2),"")))} | AI7: {=IF(OR(Formulas!AJ5=0,Formulas!AJ5=""),"",HYPERLINK("["&Archivo_Nombre&"]Datos!"&LEFT(SUBSTITUTE(ADDRESS(1,Formulas!AJ5+2),"$",""))&Formulas!AI5+1, IFERROR(INDEX(Datos!$A$2:$L$101,Formulas!AI5,Formulas!AJ5+2),"")))} | AL7: {=IF(OR(Formulas!AN4=0,Formulas!AN4="",RIGHT(Formulas!AO4)="0"),"", HYPERLINK("["&Archivo_Nombre&"]Datos!"&LEFT(SUBSTITUTE(ADDRESS(1,IF(Formulas!AN4=1,1,RIGHT(Formulas!AO4)+2)),"$",""))&Formulas!AM4+1, IFERROR(INDEX(Datos!$A$1:$L$1,1,RIGHT(Formulas!AO4)+2)&IF(Formulas!AN4=1," "&Formulas!AM4,"")&":","")))} | AM7: {=IF(OR(Formulas!AN4=0,Formulas!AN4="",RIGHT(Formulas!AO4)="0"),"", HYPERLINK("["&Archivo_Nombre&"]Datos!"&LEFT(SUBSTITUTE(ADDRESS(1,RIGHT(Formulas!AO4)+2),"$",""))&Formulas!AM4+1, IFERROR(INDEX(Datos!$A$2:$L$101,Formulas!AM4,RIGHT(Formulas!AO4)+2),"")))} | AN7: {=IF(OR(Formulas!AO5=0,Formulas!AO5=""),"",HYPERLINK("["&Archivo_Nombre&"]Datos!"&LEFT(SUBSTITUTE(ADDRESS(1,Formulas!AO5+2),"$",""))&Formulas!AN5+1, IFERROR(INDEX(Datos!$A$2:$L$101,Formulas!AN5,Formulas!AO5+2),"")))} | AQ7: {=IF(OR(Formulas!AS4=0,Formulas!AS4="",RIGHT(Formulas!AT4)="0"),"", HYPERLINK("["&Archivo_Nombre&"]Datos!"&LEFT(SUBSTITUTE(ADDRESS(1,IF(Formulas!AS4=1,1,RIGHT(Formulas!AT4)+2)),"$",""))&Formulas!AR4+1, IFERROR(INDEX(Datos!$A$1:$L$1,1,RIGHT(Formulas!AT4)+2)&IF(Formulas!AS4=1," "&Formulas!AR4,"")&":","")))} | AR7: {=IF(OR(Formulas!AS4=0,Formulas!AS4="",RIGHT(Formulas!AT4)="0"),"", HYPERLINK("["&Archivo_Nombre&"]Datos!"&LEFT(SUBSTITUTE(ADDRESS(1,RIGHT(Formulas!AT4)+2),"$",""))&Formulas!AR4+1, IFERROR(INDEX(Datos!$A$2:$L$101,Formulas!AR4,RIGHT(Formulas!AT4)+2),"")))} | AS7: {=IF(OR(Formulas!AT5=0,Formulas!AT5=""),"",HYPERLINK("["&Archivo_Nombre&"]Datos!"&LEFT(SUBSTITUTE(ADDRESS(1,Formulas!AT5+2),"$",""))&Formulas!AS5+1, IFERROR(INDEX(Datos!$A$2:$L$101,Formulas!AS5,Formulas!AT5+2),"")))} | AV7: {=IF(OR(Formulas!AX4=0,Formulas!AX4="",RIGHT(Formulas!AY4)="0"),"", HYPERLINK("["&Archivo_Nombre&"]Datos!"&LEFT(SUBSTITUTE(ADDRESS(1,IF(Formulas!AX4=1,1,RIGHT(Formulas!AY4)+2)),"$",""))&Formulas!AW4+1, IFERROR(INDEX(Datos!$A$1:$L$1,1,RIGHT(Formulas!AY4)+2)&IF(Formulas!AX4=1," "&Formulas!AW4,"")&":","")))} | AW7: {=IF(OR(Formulas!AX4=0,Formulas!AX4="",RIGHT(Formulas!AY4)="0"),"", HYPERLINK("["&Archivo_Nombre&"]Datos!"&LEFT(SUBSTITUTE(ADDRESS(1,RIGHT(Formulas!AY4)+2),"$",""))&Formulas!AW4+1, IFERROR(INDEX(Datos!$A$2:$L$101,Formulas!AW4,RIGHT(Formulas!AY4)+2),"")))} | AX7: {=IF(OR(Formulas!AY5=0,Formulas!AY5=""),"",HYPERLINK("["&Archivo_Nombre&"]Datos!"&LEFT(SUBSTITUTE(ADDRESS(1,Formulas!AY5+2),"$",""))&Formulas!AX5+1, IFERROR(INDEX(Datos!$A$2:$L$101,Formulas!AX5,Formulas!AY5+2),"")))}
C8: {=IF(OR(Formulas!E5=0,Formulas!E5="",RIGHT(Formulas!F5)="0"),"", HYPERLINK("["&Archivo_Nombre&"]Datos!"&LEFT(SUBSTITUTE(ADDRESS(1,IF(Formulas!E5=1,1,RIGHT(Formulas!F5)+2)),"$",""))&Formulas!D5+1, IFERROR(INDEX(Datos!$A$1:$L$1,1,RIGHT(Formulas!F5)+2)&IF(Formulas!E5=1," "&Formulas!D5,"")&":","")))} | D8: {=IF(OR(Formulas!E5=0,Formulas!E5="",RIGHT(Formulas!F5)="0"),"", HYPERLINK("["&Archivo_Nombre&"]Datos!"&LEFT(SUBSTITUTE(ADDRESS(1,RIGHT(Formulas!F5)+2),"$",""))&Formulas!D5+1, IFERROR(INDEX(Datos!$A$2:$L$101,Formulas!D5,RIGHT(Formulas!F5)+2),"")))} | E8: {=IF(OR(Formulas!F6=0,Formulas!F6=""),"",HYPERLINK("["&Archivo_Nombre&"]Datos!"&LEFT(SUBSTITUTE(ADDRESS(1,Formulas!F6+2),"$",""))&Formulas!E6+1, IFERROR(INDEX(Datos!$A$2:$L$101,Formulas!E6,Formulas!F6+2),"")))} | H8: {=IF(OR(Formulas!J5=0,Formulas!J5="",RIGHT(Formulas!K5)="0"),"", HYPERLINK("["&Archivo_Nombre&"]Datos!"&LEFT(SUBSTITUTE(ADDRESS(1,IF(Formulas!J5=1,1,RIGHT(Formulas!K5)+2)),"$",""))&Formulas!I5+1, IFERROR(INDEX(Datos!$A$1:$L$1,1,RIGHT(Formulas!K5)+2)&IF(Formulas!J5=1," "&Formulas!I5,"")&":","")))} -> Descripción: | I8: {=IF(OR(Formulas!J5=0,Formulas!J5="",RIGHT(Formulas!K5)="0"),"", HYPERLINK("["&Archivo_Nombre&"]Datos!"&LEFT(SUBSTITUTE(ADDRESS(1,RIGHT(Formulas!K5)+2),"$",""))&Formulas!I5+1, IFERROR(INDEX(Datos!$A$2:$L$101,Formulas!I5,RIGHT(Formulas!K5)+2),"")))} -> Finalización del sprint 3 | J8: {=IF(OR(Formulas!K6=0,Formulas!K6=""),"",HYPERLINK("["&Archivo_Nombre&"]Datos!"&LEFT(SUBSTITUTE(ADDRESS(1,Formulas!K6+2),"$",""))&Formulas!J6+1, IFERROR(INDEX(Datos!$A$2:$L$101,Formulas!J6,Formulas!K6+2),"")))} -> #VALUE! | M8: {=IF(OR(Formulas!O5=0,Formulas!O5="",RIGHT(Formulas!P5)="0"),"", HYPERLINK("["&Archivo_Nombre&"]Datos!"&LEFT(SUBSTITUTE(ADDRESS(1,IF(Formulas!O5=1,1,RIGHT(Formulas!P5)+2)),"$",""))&Formulas!N5+1, IFERROR(INDEX(Datos!$A$1:$L$1,1,RIGHT(Formulas!P5)+2)&IF(Formulas!O5=1," "&Formulas!N5,"")&":","")))} | N8: {=IF(OR(Formulas!O5=0,Formulas!O5="",RIGHT(Formulas!P5)="0"),"", HYPERLINK("["&Archivo_Nombre&"]Datos!"&LEFT(SUBSTITUTE(ADDRESS(1,RIGHT(Formulas!P5)+2),"$",""))&Formulas!N5+1, IFERROR(INDEX(Datos!$A$2:$L$101,Formulas!N5,RIGHT(Formulas!P5)+2),"")))} | O8: {=IF(OR(Formulas!P6=0,Formulas!P6=""),"",HYPERLINK("["&Archivo_Nombre&"]Datos!"&LEFT(SUBSTITUTE(ADDRESS(1,Formulas!P6+2),"$",""))&Formulas!O6+1, IFERROR(INDEX(Datos!$A$2:$L$101,Formulas!O6,Formulas!P6+2),"")))} | R8: {=IF(OR(Formulas!T5=0,Formulas!T5="",RIGHT(Formulas!U5)="0"),"", HYPERLINK("["&Archivo_Nombre&"]Datos!"&LEFT(SUBSTITUTE(ADDRESS(1,IF(Formulas!T5=1,1,RIGHT(Formulas!U5)+2)),"$",""))&Formulas!S5+1, IFERROR(INDEX(Datos!$A$1:$L$1,1,RIGHT(Formulas!U5)+2)&IF(Formulas!T5=1," "&Formulas!S5,"")&":","")))} -> Descripción: | S8: {=IF(OR(Formulas!T5=0,Formulas!T5="",RIGHT(Formulas!U5)="0"),"", HYPERLINK("["&Archivo_Nombre&"]Datos!"&LEFT(SUBSTITUTE(ADDRESS(1,RIGHT(Formulas!U5)+2),"$",""))&Formulas!S5+1, IFERROR(INDEX(Datos!$A$2:$L$101,Formulas!S5,RIGHT(Formulas!U5)+2),"")))} -> Realizar el Informe de Resultados de las pruebas finales | T8: {=IF(OR(Formulas!U6=0,Formulas!U6=""),"",HYPERLINK("["&Archivo_Nombre&"]Datos!"&LEFT(SUBSTITUTE(ADDRESS(1,Formulas!U6+2),"$",""))&Formulas!T6+1, IFERROR(INDEX(Datos!$A$2:$L$101,Formulas!T6,Formulas!U6+2),"")))} -> #VALUE! | W8: {=IF(OR(Formulas!Y5=0,Formulas!Y5="",RIGHT(Formulas!Z5)="0"),"", HYPERLINK("["&Archivo_Nombre&"]Datos!"&LEFT(SUBSTITUTE(ADDRESS(1,IF(Formulas!Y5=1,1,RIGHT(Formulas!Z5)+2)),"$",""))&Formulas!X5+1, IFERROR(INDEX(Datos!$A$1:$L$1,1,RIGHT(Formulas!Z5)+2)&IF(Formulas!Y5=1," "&Formulas!X5,"")&":","")))} | X8: {=IF(OR(Formulas!Y5=0,Formulas!Y5="",RIGHT(Formulas!Z5)="0"),"", HYPERLINK("["&Archivo_Nombre&"]Datos!"&LEFT(SUBSTITUTE(ADDRESS(1,RIGHT(Formulas!Z5)+2),"$",""))&Formulas!X5+1, IFERROR(INDEX(Datos!$A$2:$L$101,Formulas!X5,RIGHT(Formulas!Z5)+2),"")))} | Y8: {=IF(OR(Formulas!Z6=0,Formulas!Z6=""),"",HYPERLINK("["&Archivo_Nombre&"]Datos!"&LEFT(SUBSTITUTE(ADDRESS(1,Formulas!Z6+2),"$",""))&Formulas!Y6+1, IFERROR(INDEX(Datos!$A$2:$L$101,Formulas!Y6,Formulas!Z6+2),"")))} | AB8: {=IF(OR(Formulas!AD5=0,Formulas!AD5="",RIGHT(Formulas!AE5)="0"),"", HYPERLINK("["&Archivo_Nombre&"]Datos!"&LEFT(SUBSTITUTE(ADDRESS(1,IF(Formulas!AD5=1,1,RIGHT(Formulas!AE5)+2)),"$",""))&Formulas!AC5+1, IFERROR(INDEX(Datos!$A$1:$L$1,1,RIGHT(Formulas!AE5)+2)&IF(Formulas!AD5=1," "&Formulas!AC5,"")&":","")))} | AC8: {=IF(OR(Formulas!AD5=0,Formulas!AD5="",RIGHT(Formulas!AE5)="0"),"", HYPERLINK("["&Archivo_Nombre&"]Datos!"&LEFT(SUBSTITUTE(ADDRESS(1,RIGHT(Formulas!AE5)+2),"$",""))&Formulas!AC5+1, IFERROR(INDEX(Datos!$A$2:$L$101,Formulas!AC5,RIGHT(Formulas!AE5)+2),"")))} | AD8: {=IF(OR(Formulas!AE6=0,Formulas!AE6=""),"",HYPERLINK("["&Archivo_Nombre&"]Datos!"&LEFT(SUBSTITUTE(ADDRESS(1,Formulas!AE6+2),"$",""))&Formulas!AD6+1, IFERROR(INDEX(Datos!$A$2:$L$101,Formulas!AD6,Formulas!AE6+2),"")))} | AG8: {=IF(OR(Formulas!AI5=0,Formulas!AI5="",RIGHT(Formulas!AJ5)="0"),"", HYPERLINK("["&Archivo_Nombre&"]Datos!"&LEFT(SUBSTITUTE(ADDRESS(1,IF(Formulas!AI5=1,1,RIGHT(Formulas!AJ5)+2)),"$",""))&Formulas!AH5+1, IFERROR(INDEX(Datos!$A$1:$L$1,1,RIGHT(Formulas!AJ5)+2)&IF(Formulas!AI5=1," "&Formulas!AH5,"")&":","")))} | AH8: {=IF(OR(Formulas!AI5=0,Formulas!AI5="",RIGHT(Formulas!AJ5)="0"),"", HYPERLINK("["&Archivo_Nombre&"]Datos!"&LEFT(SUBSTITUTE(ADDRESS(1,RIGHT(Formulas!AJ5)+2),"$",""))&Formulas!AH5+1, IFERROR(INDEX(Datos!$A$2:$L$101,Formulas!AH5,RIGHT(Formulas!AJ5)+2),"")))} | AI8: {=IF(OR(Formulas!AJ6=0,Formulas!AJ6=""),"",HYPERLINK("["&Archivo_Nombre&"]Datos!"&LEFT(SUBSTITUTE(ADDRESS(1,Formulas!AJ6+2),"$",""))&Formulas!AI6+1, IFERROR(INDEX(Datos!$A$2:$L$101,Formulas!AI6,Formulas!AJ6+2),"")))} | AL8: {=IF(OR(Formulas!AN5=0,Formulas!AN5="",RIGHT(Formulas!AO5)="0"),"", HYPERLINK("["&Archivo_Nombre&"]Datos!"&LEFT(SUBSTITUTE(ADDRESS(1,IF(Formulas!AN5=1,1,RIGHT(Formulas!AO5)+2)),"$",""))&Formulas!AM5+1, IFERROR(INDEX(Datos!$A$1:$L$1,1,RIGHT(Formulas!AO5)+2)&IF(Formulas!AN5=1," "&Formulas!AM5,"")&":","")))} | AM8: {=IF(OR(Formulas!AN5=0,Formulas!AN5="",RIGHT(Formulas!AO5)="0"),"", HYPERLINK("["&Archivo_Nombre&"]Datos!"&LEFT(SUBSTITUTE(ADDRESS(1,RIGHT(Formulas!AO5)+2),"$",""))&Formulas!AM5+1, IFERROR(INDEX(Datos!$A$2:$L$101,Formulas!AM5,RIGHT(Formulas!AO5)+2),"")))} | AN8: {=IF(OR(Formulas!AO6=0,Formulas!AO6=""),"",HYPERLINK("["&Archivo_Nombre&"]Datos!"&LEFT(SUBSTITUTE(ADDRESS(1,Formulas!AO6+2),"$",""))&Formulas!AN6+1, IFERROR(INDEX(Datos!$A$2:$L$101,Formulas!AN6,Formulas!AO6+2),"")))} | AQ8: {=IF(OR(Formulas!AS5=0,Formulas!AS5="",RIGHT(Formulas!AT5)="0"),"", HYPERLINK("["&Archivo_Nombre&"]Datos!"&LEFT(SUBSTITUTE(ADDRESS(1,IF(Formulas!AS5=1,1,RIGHT(Formulas!AT5)+2)),"$",""))&Formulas!AR5+1, IFERROR(INDEX(Datos!$A$1:$L$1,1,RIGHT(Formulas!AT5)+2)&IF(Formulas!AS5=1," "&Formulas!AR5,"")&":","")))} | AR8: {=IF(OR(Formulas!AS5=0,Formulas!AS5="",RIGHT(Formulas!AT5)="0"),"", HYPERLINK("["&Archivo_Nombre&"]Datos!"&LEFT(SUBSTITUTE(ADDRESS(1,RIGHT(Formulas!AT5)+2),"$",""))&Formulas!AR5+1, IFERROR(INDEX(Datos!$A$2:$L$101,Formulas!AR5,RIGHT(Formulas!AT5)+2),"")))} | AS8: {=IF(OR(Formulas!AT6=0,Formulas!AT6=""),"",HYPERLINK("["&Archivo_Nombre&"]Datos!"&LEFT(SUBSTITUTE(ADDRESS(1,Formulas!AT6+2),"$",""))&Formulas!AS6+1, IFERROR(INDEX(Datos!$A$2:$L$101,Formulas!AS6,Formulas!AT6+2),"")))} | AV8: {=IF(OR(Formulas!AX5=0,Formulas!AX5="",RIGHT(Formulas!AY5)="0"),"", HYPERLINK("["&Archivo_Nombre&"]Datos!"&LEFT(SUBSTITUTE(ADDRESS(1,IF(Formulas!AX5=1,1,RIGHT(Formulas!AY5)+2)),"$",""))&Formulas!AW5+1, IFERROR(INDEX(Datos!$A$1:$L$1,1,RIGHT(Formulas!AY5)+2)&IF(Formulas!AX5=1," "&Formulas!AW5,"")&":","")))} | AW8: {=IF(OR(Formulas!AX5=0,Formulas!AX5="",RIGHT(Formulas!AY5)="0"),"", HYPERLINK("["&Archivo_Nombre&"]Datos!"&LEFT(SUBSTITUTE(ADDRESS(1,RIGHT(Formulas!AY5)+2),"$",""))&Formulas!AW5+1, IFERROR(INDEX(Datos!$A$2:$L$101,Formulas!AW5,RIGHT(Formulas!AY5)+2),"")))} | AX8: {=IF(OR(Formulas!AY6=0,Formulas!AY6=""),"",HYPERLINK("["&Archivo_Nombre&"]Datos!"&LEFT(SUBSTITUTE(ADDRESS(1,Formulas!AY6+2),"$",""))&Formulas!AX6+1, IFERROR(INDEX(Datos!$A$2:$L$101,Formulas!AX6,Formulas!AY6+2),"")))}
C9: {=IF(OR(Formulas!E6=0,Formulas!E6="",RIGHT(Formulas!F6)="0"),"", HYPERLINK("["&Archivo_Nombre&"]Datos!"&LEFT(SUBSTITUTE(ADDRESS(1,IF(Formulas!E6=1,1,RIGHT(Formulas!F6)+2)),"$",""))&Formulas!D6+1, IFERROR(INDEX(Datos!$A$1:$L$1,1,RIGHT(Formulas!F6)+2)&IF(Formulas!E6=1," "&Formulas!D6,"")&":","")))} | D9: {=IF(OR(Formulas!E6=0,Formulas!E6="",RIGHT(Formulas!F6)="0"),"", HYPERLINK("["&Archivo_Nombre&"]Datos!"&LEFT(SUBSTITUTE(ADDRESS(1,RIGHT(Formulas!F6)+2),"$",""))&Formulas!D6+1, IFERROR(INDEX(Datos!$A$2:$L$101,Formulas!D6,RIGHT(Formulas!F6)+2),"")))} | E9: {=IF(OR(Formulas!F7=0,Formulas!F7=""),"",HYPERLINK("["&Archivo_Nombre&"]Datos!"&LEFT(SUBSTITUTE(ADDRESS(1,Formulas!F7+2),"$",""))&Formulas!E7+1, IFERROR(INDEX(Datos!$A$2:$L$101,Formulas!E7,Formulas!F7+2),"")))} | H9: {=IF(OR(Formulas!J6=0,Formulas!J6="",RIGHT(Formulas!K6)="0"),"", HYPERLINK("["&Archivo_Nombre&"]Datos!"&LEFT(SUBSTITUTE(ADDRESS(1,IF(Formulas!J6=1,1,RIGHT(Formulas!K6)+2)),"$",""))&Formulas!I6+1, IFERROR(INDEX(Datos!$A$1:$L$1,1,RIGHT(Formulas!K6)+2)&IF(Formulas!J6=1," "&Formulas!I6,"")&":","")))} -> Inicio: | I9: {=IF(OR(Formulas!J6=0,Formulas!J6="",RIGHT(Formulas!K6)="0"),"", HYPERLINK("["&Archivo_Nombre&"]Datos!"&LEFT(SUBSTITUTE(ADDRESS(1,RIGHT(Formulas!K6)+2),"$",""))&Formulas!I6+1, IFERROR(INDEX(Datos!$A$2:$L$101,Formulas!I6,RIGHT(Formulas!K6)+2),"")))} -> 45861 | J9: {=IF(OR(Formulas!K7=0,Formulas!K7=""),"",HYPERLINK("["&Archivo_Nombre&"]Datos!"&LEFT(SUBSTITUTE(ADDRESS(1,Formulas!K7+2),"$",""))&Formulas!J7+1, IFERROR(INDEX(Datos!$A$2:$L$101,Formulas!J7,Formulas!K7+2),"")))} -> #VALUE! | M9: {=IF(OR(Formulas!O6=0,Formulas!O6="",RIGHT(Formulas!P6)="0"),"", HYPERLINK("["&Archivo_Nombre&"]Datos!"&LEFT(SUBSTITUTE(ADDRESS(1,IF(Formulas!O6=1,1,RIGHT(Formulas!P6)+2)),"$",""))&Formulas!N6+1, IFERROR(INDEX(Datos!$A$1:$L$1,1,RIGHT(Formulas!P6)+2)&IF(Formulas!O6=1," "&Formulas!N6,"")&":","")))} | N9: {=IF(OR(Formulas!O6=0,Formulas!O6="",RIGHT(Formulas!P6)="0"),"", HYPERLINK("["&Archivo_Nombre&"]Datos!"&LEFT(SUBSTITUTE(ADDRESS(1,RIGHT(Formulas!P6)+2),"$",""))&Formulas!N6+1, IFERROR(INDEX(Datos!$A$2:$L$101,Formulas!N6,RIGHT(Formulas!P6)+2),"")))} | O9: {=IF(OR(Formulas!P7=0,Formulas!P7=""),"",HYPERLINK("["&Archivo_Nombre&"]Datos!"&LEFT(SUBSTITUTE(ADDRESS(1,Formulas!P7+2),"$",""))&Formulas!O7+1, IFERROR(INDEX(Datos!$A$2:$L$101,Formulas!O7,Formulas!P7+2),"")))} | R9: {=IF(OR(Formulas!T6=0,Formulas!T6="",RIGHT(Formulas!U6)="0"),"", HYPERLINK("["&Archivo_Nombre&"]Datos!"&LEFT(SUBSTITUTE(ADDRESS(1,IF(Formulas!T6=1,1,RIGHT(Formulas!U6)+2)),"$",""))&Formulas!S6+1, IFERROR(INDEX(Datos!$A$1:$L$1,1,RIGHT(Formulas!U6)+2)&IF(Formulas!T6=1," "&Formulas!S6,"")&":","")))} -> Inicio: | S9: {=IF(OR(Formulas!T6=0,Formulas!T6="",RIGHT(Formulas!U6)="0"),"", HYPERLINK("["&Archivo_Nombre&"]Datos!"&LEFT(SUBSTITUTE(ADDRESS(1,RIGHT(Formulas!U6)+2),"$",""))&Formulas!S6+1, IFERROR(INDEX(Datos!$A$2:$L$101,Formulas!S6,RIGHT(Formulas!U6)+2),"")))} -> 45687 | T9: {=IF(OR(Formulas!U7=0,Formulas!U7=""),"",HYPERLINK("["&Archivo_Nombre&"]Datos!"&LEFT(SUBSTITUTE(ADDRESS(1,Formulas!U7+2),"$",""))&Formulas!T7+1, IFERROR(INDEX(Datos!$A$2:$L$101,Formulas!T7,Formulas!U7+2),"")))} -> #VALUE! | W9: {=IF(OR(Formulas!Y6=0,Formulas!Y6="",RIGHT(Formulas!Z6)="0"),"", HYPERLINK("["&Archivo_Nombre&"]Datos!"&LEFT(SUBSTITUTE(ADDRESS(1,IF(Formulas!Y6=1,1,RIGHT(Formulas!Z6)+2)),"$",""))&Formulas!X6+1, IFERROR(INDEX(Datos!$A$1:$L$1,1,RIGHT(Formulas!Z6)+2)&IF(Formulas!Y6=1," "&Formulas!X6,"")&":","")))} | X9: {=IF(OR(Formulas!Y6=0,Formulas!Y6="",RIGHT(Formulas!Z6)="0"),"", HYPERLINK("["&Archivo_Nombre&"]Datos!"&LEFT(SUBSTITUTE(ADDRESS(1,RIGHT(Formulas!Z6)+2),"$",""))&Formulas!X6+1, IFERROR(INDEX(Datos!$A$2:$L$101,Formulas!X6,RIGHT(Formulas!Z6)+2),"")))} | Y9: {=IF(OR(Formulas!Z7=0,Formulas!Z7=""),"",HYPERLINK("["&Archivo_Nombre&"]Datos!"&LEFT(SUBSTITUTE(ADDRESS(1,Formulas!Z7+2),"$",""))&Formulas!Y7+1, IFERROR(INDEX(Datos!$A$2:$L$101,Formulas!Y7,Formulas!Z7+2),"")))} | AB9: {=IF(OR(Formulas!AD6=0,Formulas!AD6="",RIGHT(Formulas!AE6)="0"),"", HYPERLINK("["&Archivo_Nombre&"]Datos!"&LEFT(SUBSTITUTE(ADDRESS(1,IF(Formulas!AD6=1,1,RIGHT(Formulas!AE6)+2)),"$",""))&Formulas!AC6+1, IFERROR(INDEX(Datos!$A$1:$L$1,1,RIGHT(Formulas!AE6)+2)&IF(Formulas!AD6=1," "&Formulas!AC6,"")&":","")))} | AC9: {=IF(OR(Formulas!AD6=0,Formulas!AD6="",RIGHT(Formulas!AE6)="0"),"", HYPERLINK("["&Archivo_Nombre&"]Datos!"&LEFT(SUBSTITUTE(ADDRESS(1,RIGHT(Formulas!AE6)+2),"$",""))&Formulas!AC6+1, IFERROR(INDEX(Datos!$A$2:$L$101,Formulas!AC6,RIGHT(Formulas!AE6)+2),"")))} | AD9: {=IF(OR(Formulas!AE7=0,Formulas!AE7=""),"",HYPERLINK("["&Archivo_Nombre&"]Datos!"&LEFT(SUBSTITUTE(ADDRESS(1,Formulas!AE7+2),"$",""))&Formulas!AD7+1, IFERROR(INDEX(Datos!$A$2:$L$101,Formulas!AD7,Formulas!AE7+2),"")))} | AG9: {=IF(OR(Formulas!AI6=0,Formulas!AI6="",RIGHT(Formulas!AJ6)="0"),"", HYPERLINK("["&Archivo_Nombre&"]Datos!"&LEFT(SUBSTITUTE(ADDRESS(1,IF(Formulas!AI6=1,1,RIGHT(Formulas!AJ6)+2)),"$",""))&Formulas!AH6+1, IFERROR(INDEX(Datos!$A$1:$L$1,1,RIGHT(Formulas!AJ6)+2)&IF(Formulas!AI6=1," "&Formulas!AH6,"")&":","")))} | AH9: {=IF(OR(Formulas!AI6=0,Formulas!AI6="",RIGHT(Formulas!AJ6)="0"),"", HYPERLINK("["&Archivo_Nombre&"]Datos!"&LEFT(SUBSTITUTE(ADDRESS(1,RIGHT(Formulas!AJ6)+2),"$",""))&Formulas!AH6+1, IFERROR(INDEX(Datos!$A$2:$L$101,Formulas!AH6,RIGHT(Formulas!AJ6)+2),"")))} | AI9: {=IF(OR(Formulas!AJ7=0,Formulas!AJ7=""),"",HYPERLINK("["&Archivo_Nombre&"]Datos!"&LEFT(SUBSTITUTE(ADDRESS(1,Formulas!AJ7+2),"$",""))&Formulas!AI7+1, IFERROR(INDEX(Datos!$A$2:$L$101,Formulas!AI7,Formulas!AJ7+2),"")))} | AL9: {=IF(OR(Formulas!AN6=0,Formulas!AN6="",RIGHT(Formulas!AO6)="0"),"", HYPERLINK("["&Archivo_Nombre&"]Datos!"&LEFT(SUBSTITUTE(ADDRESS(1,IF(Formulas!AN6=1,1,RIGHT(Formulas!AO6)+2)),"$",""))&Formulas!AM6+1, IFERROR(INDEX(Datos!$A$1:$L$1,1,RIGHT(Formulas!AO6)+2)&IF(Formulas!AN6=1," "&Formulas!AM6,"")&":","")))} | AM9: {=IF(OR(Formulas!AN6=0,Formulas!AN6="",RIGHT(Formulas!AO6)="0"),"", HYPERLINK("["&Archivo_Nombre&"]Datos!"&LEFT(SUBSTITUTE(ADDRESS(1,RIGHT(Formulas!AO6)+2),"$",""))&Formulas!AM6+1, IFERROR(INDEX(Datos!$A$2:$L$101,Formulas!AM6,RIGHT(Formulas!AO6)+2),"")))} | AN9: {=IF(OR(Formulas!AO7=0,Formulas!AO7=""),"",HYPERLINK("["&Archivo_Nombre&"]Datos!"&LEFT(SUBSTITUTE(ADDRESS(1,Formulas!AO7+2),"$",""))&Formulas!AN7+1, IFERROR(INDEX(Datos!$A$2:$L$101,Formulas!AN7,Formulas!AO7+2),"")))} | AQ9: {=IF(OR(Formulas!AS6=0,Formulas!AS6="",RIGHT(Formulas!AT6)="0"),"", HYPERLINK("["&Archivo_Nombre&"]Datos!"&LEFT(SUBSTITUTE(ADDRESS(1,IF(Formulas!AS6=1,1,RIGHT(Formulas!AT6)+2)),"$",""))&Formulas!AR6+1, IFERROR(INDEX(Datos!$A$1:$L$1,1,RIGHT(Formulas!AT6)+2)&IF(Formulas!AS6=1," "&Formulas!AR6,"")&":","")))} | AR9: {=IF(OR(Formulas!AS6=0,Formulas!AS6="",RIGHT(Formulas!AT6)="0"),"", HYPERLINK("["&Archivo_Nombre&"]Datos!"&LEFT(SUBSTITUTE(ADDRESS(1,RIGHT(Formulas!AT6)+2),"$",""))&Formulas!AR6+1, IFERROR(INDEX(Datos!$A$2:$L$101,Formulas!AR6,RIGHT(Formulas!AT6)+2),"")))} | AS9: {=IF(OR(Formulas!AT7=0,Formulas!AT7=""),"",HYPERLINK("["&Archivo_Nombre&"]Datos!"&LEFT(SUBSTITUTE(ADDRESS(1,Formulas!AT7+2),"$",""))&Formulas!AS7+1, IFERROR(INDEX(Datos!$A$2:$L$101,Formulas!AS7,Formulas!AT7+2),"")))} | AV9: {=IF(OR(Formulas!AX6=0,Formulas!AX6="",RIGHT(Formulas!AY6)="0"),"", HYPERLINK("["&Archivo_Nombre&"]Datos!"&LEFT(SUBSTITUTE(ADDRESS(1,IF(Formulas!AX6=1,1,RIGHT(Formulas!AY6)+2)),"$",""))&Formulas!AW6+1, IFERROR(INDEX(Datos!$A$1:$L$1,1,RIGHT(Formulas!AY6)+2)&IF(Formulas!AX6=1," "&Formulas!AW6,"")&":","")))} | AW9: {=IF(OR(Formulas!AX6=0,Formulas!AX6="",RIGHT(Formulas!AY6)="0"),"", HYPERLINK("["&Archivo_Nombre&"]Datos!"&LEFT(SUBSTITUTE(ADDRESS(1,RIGHT(Formulas!AY6)+2),"$",""))&Formulas!AW6+1, IFERROR(INDEX(Datos!$A$2:$L$101,Formulas!AW6,RIGHT(Formulas!AY6)+2),"")))} | AX9: {=IF(OR(Formulas!AY7=0,Formulas!AY7=""),"",HYPERLINK("["&Archivo_Nombre&"]Datos!"&LEFT(SUBSTITUTE(ADDRESS(1,Formulas!AY7+2),"$",""))&Formulas!AX7+1, IFERROR(INDEX(Datos!$A$2:$L$101,Formulas!AX7,Formulas!AY7+2),"")))}
C10: {=IF(OR(Formulas!E7=0,Formulas!E7="",RIGHT(Formulas!F7)="0"),"", HYPERLINK("["&Archivo_Nombre&"]Datos!"&LEFT(SUBSTITUTE(ADDRESS(1,IF(Formulas!E7=1,1,RIGHT(Formulas!F7)+2)),"$",""))&Formulas!D7+1, IFERROR(INDEX(Datos!$A$1:$L$1,1,RIGHT(Formulas!F7)+2)&IF(Formulas!E7=1," "&Formulas!D7,"")&":","")))} | D10: {=IF(OR(Formulas!E7=0,Formulas!E7="",RIGHT(Formulas!F7)="0"),"", HYPERLINK("["&Archivo_Nombre&"]Datos!"&LEFT(SUBSTITUTE(ADDRESS(1,RIGHT(Formulas!F7)+2),"$",""))&Formulas!D7+1, IFERROR(INDEX(Datos!$A$2:$L$101,Formulas!D7,RIGHT(Formulas!F7)+2),"")))} | E10: {=IF(OR(Formulas!F8=0,Formulas!F8=""),"",HYPERLINK("["&Archivo_Nombre&"]Datos!"&LEFT(SUBSTITUTE(ADDRESS(1,Formulas!F8+2),"$",""))&Formulas!E8+1, IFERROR(INDEX(Datos!$A$2:$L$101,Formulas!E8,Formulas!F8+2),"")))} | H10: {=IF(OR(Formulas!J7=0,Formulas!J7="",RIGHT(Formulas!K7)="0"),"", HYPERLINK("["&Archivo_Nombre&"]Datos!"&LEFT(SUBSTITUTE(ADDRESS(1,IF(Formulas!J7=1,1,RIGHT(Formulas!K7)+2)),"$",""))&Formulas!I7+1, IFERROR(INDEX(Datos!$A$1:$L$1,1,RIGHT(Formulas!K7)+2)&IF(Formulas!J7=1," "&Formulas!I7,"")&":","")))} -> Previsto: | I10: {=IF(OR(Formulas!J7=0,Formulas!J7="",RIGHT(Formulas!K7)="0"),"", HYPERLINK("["&Archivo_Nombre&"]Datos!"&LEFT(SUBSTITUTE(ADDRESS(1,RIGHT(Formulas!K7)+2),"$",""))&Formulas!I7+1, IFERROR(INDEX(Datos!$A$2:$L$101,Formulas!I7,RIGHT(Formulas!K7)+2),"")))} -> 45861 | J10: {=IF(OR(Formulas!K8=0,Formulas!K8=""),"",HYPERLINK("["&Archivo_Nombre&"]Datos!"&LEFT(SUBSTITUTE(ADDRESS(1,Formulas!K8+2),"$",""))&Formulas!J8+1, IFERROR(INDEX(Datos!$A$2:$L$101,Formulas!J8,Formulas!K8+2),"")))} -> #VALUE! | M10: {=IF(OR(Formulas!O7=0,Formulas!O7="",RIGHT(Formulas!P7)="0"),"", HYPERLINK("["&Archivo_Nombre&"]Datos!"&LEFT(SUBSTITUTE(ADDRESS(1,IF(Formulas!O7=1,1,RIGHT(Formulas!P7)+2)),"$",""))&Formulas!N7+1, IFERROR(INDEX(Datos!$A$1:$L$1,1,RIGHT(Formulas!P7)+2)&IF(Formulas!O7=1," "&Formulas!N7,"")&":","")))} | N10: {=IF(OR(Formulas!O7=0,Formulas!O7="",RIGHT(Formulas!P7)="0"),"", HYPERLINK("["&Archivo_Nombre&"]Datos!"&LEFT(SUBSTITUTE(ADDRESS(1,RIGHT(Formulas!P7)+2),"$",""))&Formulas!N7+1, IFERROR(INDEX(Datos!$A$2:$L$101,Formulas!N7,RIGHT(Formulas!P7)+2),"")))} | O10: {=IF(OR(Formulas!P8=0,Formulas!P8=""),"",HYPERLINK("["&Archivo_Nombre&"]Datos!"&LEFT(SUBSTITUTE(ADDRESS(1,Formulas!P8+2),"$",""))&Formulas!O8+1, IFERROR(INDEX(Datos!$A$2:$L$101,Formulas!O8,Formulas!P8+2),"")))} | R10: {=IF(OR(Formulas!T7=0,Formulas!T7="",RIGHT(Formulas!U7)="0"),"", HYPERLINK("["&Archivo_Nombre&"]Datos!"&LEFT(SUBSTITUTE(ADDRESS(1,IF(Formulas!T7=1,1,RIGHT(Formulas!U7)+2)),"$",""))&Formulas!S7+1, IFERROR(INDEX(Datos!$A$1:$L$1,1,RIGHT(Formulas!U7)+2)&IF(Formulas!T7=1," "&Formulas!S7,"")&":","")))} -> Previsto: | S10: {=IF(OR(Formulas!T7=0,Formulas!T7="",RIGHT(Formulas!U7)="0"),"", HYPERLINK("["&Archivo_Nombre&"]Datos!"&LEFT(SUBSTITUTE(ADDRESS(1,RIGHT(Formulas!U7)+2),"$",""))&Formulas!S7+1, IFERROR(INDEX(Datos!$A$2:$L$101,Formulas!S7,RIGHT(Formulas!U7)+2),"")))} -> 45687 | T10: {=IF(OR(Formulas!U8=0,Formulas!U8=""),"",HYPERLINK("["&Archivo_Nombre&"]Datos!"&LEFT(SUBSTITUTE(ADDRESS(1,Formulas!U8+2),"$",""))&Formulas!T8+1, IFERROR(INDEX(Datos!$A$2:$L$101,Formulas!T8,Formulas!U8+2),"")))} -> #VALUE! | W10: {=IF(OR(Formulas!Y7=0,Formulas!Y7="",RIGHT(Formulas!Z7)="0"),"", HYPERLINK("["&Archivo_Nombre&"]Datos!"&LEFT(SUBSTITUTE(ADDRESS(1,IF(Formulas!Y7=1,1,RIGHT(Formulas!Z7)+2)),"$",""))&Formulas!X7+1, IFERROR(INDEX(Datos!$A$1:$L$1,1,RIGHT(Formulas!Z7)+2)&IF(Formulas!Y7=1," "&Formulas!X7,"")&":","")))} | X10: {=IF(OR(Formulas!Y7=0,Formulas!Y7="",RIGHT(Formulas!Z7)="0"),"", HYPERLINK("["&Archivo_Nombre&"]Datos!"&LEFT(SUBSTITUTE(ADDRESS(1,RIGHT(Formulas!Z7)+2),"$",""))&Formulas!X7+1, IFERROR(INDEX(Datos!$A$2:$L$101,Formulas!X7,RIGHT(Formulas!Z7)+2),"")))} | Y10: {=IF(OR(Formulas!Z8=0,Formulas!Z8=""),"",HYPERLINK("["&Archivo_Nombre&"]Datos!"&LEFT(SUBSTITUTE(ADDRESS(1,Formulas!Z8+2),"$",""))&Formulas!Y8+1, IFERROR(INDEX(Datos!$A$2:$L$101,Formulas!Y8,Formulas!Z8+2),"")))} | AB10: {=IF(OR(Formulas!AD7=0,Formulas!AD7="",RIGHT(Formulas!AE7)="0"),"", HYPERLINK("["&Archivo_Nombre&"]Datos!"&LEFT(SUBSTITUTE(ADDRESS(1,IF(Formulas!AD7=1,1,RIGHT(Formulas!AE7)+2)),"$",""))&Formulas!AC7+1, IFERROR(INDEX(Datos!$A$1:$L$1,1,RIGHT(Formulas!AE7)+2)&IF(Formulas!AD7=1," "&Formulas!AC7,"")&":","")))} | AC10: {=IF(OR(Formulas!AD7=0,Formulas!AD7="",RIGHT(Formulas!AE7)="0"),"", HYPERLINK("["&Archivo_Nombre&"]Datos!"&LEFT(SUBSTITUTE(ADDRESS(1,RIGHT(Formulas!AE7)+2),"$",""))&Formulas!AC7+1, IFERROR(INDEX(Datos!$A$2:$L$101,Formulas!AC7,RIGHT(Formulas!AE7)+2),"")))} | AD10: {=IF(OR(Formulas!AE8=0,Formulas!AE8=""),"",HYPERLINK("["&Archivo_Nombre&"]Datos!"&LEFT(SUBSTITUTE(ADDRESS(1,Formulas!AE8+2),"$",""))&Formulas!AD8+1, IFERROR(INDEX(Datos!$A$2:$L$101,Formulas!AD8,Formulas!AE8+2),"")))} | AG10: {=IF(OR(Formulas!AI7=0,Formulas!AI7="",RIGHT(Formulas!AJ7)="0"),"", HYPERLINK("["&Archivo_Nombre&"]Datos!"&LEFT(SUBSTITUTE(ADDRESS(1,IF(Formulas!AI7=1,1,RIGHT(Formulas!AJ7)+2)),"$",""))&Formulas!AH7+1, IFERROR(INDEX(Datos!$A$1:$L$1,1,RIGHT(Formulas!AJ7)+2)&IF(Formulas!AI7=1," "&Formulas!AH7,"")&":","")))} | AH10: {=IF(OR(Formulas!AI7=0,Formulas!AI7="",RIGHT(Formulas!AJ7)="0"),"", HYPERLINK("["&Archivo_Nombre&"]Datos!"&LEFT(SUBSTITUTE(ADDRESS(1,RIGHT(Formulas!AJ7)+2),"$",""))&Formulas!AH7+1, IFERROR(INDEX(Datos!$A$2:$L$101,Formulas!AH7,RIGHT(Formulas!AJ7)+2),"")))} | AI10: {=IF(OR(Formulas!AJ8=0,Formulas!AJ8=""),"",HYPERLINK("["&Archivo_Nombre&"]Datos!"&LEFT(SUBSTITUTE(ADDRESS(1,Formulas!AJ8+2),"$",""))&Formulas!AI8+1, IFERROR(INDEX(Datos!$A$2:$L$101,Formulas!AI8,Formulas!AJ8+2),"")))} | AL10: {=IF(OR(Formulas!AN7=0,Formulas!AN7="",RIGHT(Formulas!AO7)="0"),"", HYPERLINK("["&Archivo_Nombre&"]Datos!"&LEFT(SUBSTITUTE(ADDRESS(1,IF(Formulas!AN7=1,1,RIGHT(Formulas!AO7)+2)),"$",""))&Formulas!AM7+1, IFERROR(INDEX(Datos!$A$1:$L$1,1,RIGHT(Formulas!AO7)+2)&IF(Formulas!AN7=1," "&Formulas!AM7,"")&":","")))} | AM10: {=IF(OR(Formulas!AN7=0,Formulas!AN7="",RIGHT(Formulas!AO7)="0"),"", HYPERLINK("["&Archivo_Nombre&"]Datos!"&LEFT(SUBSTITUTE(ADDRESS(1,RIGHT(Formulas!AO7)+2),"$",""))&Formulas!AM7+1, IFERROR(INDEX(Datos!$A$2:$L$101,Formulas!AM7,RIGHT(Formulas!AO7)+2),"")))} | AN10: {=IF(OR(Formulas!AO8=0,Formulas!AO8=""),"",HYPERLINK("["&Archivo_Nombre&"]Datos!"&LEFT(SUBSTITUTE(ADDRESS(1,Formulas!AO8+2),"$",""))&Formulas!AN8+1, IFERROR(INDEX(Datos!$A$2:$L$101,Formulas!AN8,Formulas!AO8+2),"")))} | AQ10: {=IF(OR(Formulas!AS7=0,Formulas!AS7="",RIGHT(Formulas!AT7)="0"),"", HYPERLINK("["&Archivo_Nombre&"]Datos!"&LEFT(SUBSTITUTE(ADDRESS(1,IF(Formulas!AS7=1,1,RIGHT(Formulas!AT7)+2)),"$",""))&Formulas!AR7+1, IFERROR(INDEX(Datos!$A$1:$L$1,1,RIGHT(Formulas!AT7)+2)&IF(Formulas!AS7=1," "&Formulas!AR7,"")&":","")))} | AR10: {=IF(OR(Formulas!AS7=0,Formulas!AS7="",RIGHT(Formulas!AT7)="0"),"", HYPERLINK("["&Archivo_Nombre&"]Datos!"&LEFT(SUBSTITUTE(ADDRESS(1,RIGHT(Formulas!AT7)+2),"$",""))&Formulas!AR7+1, IFERROR(INDEX(Datos!$A$2:$L$101,Formulas!AR7,RIGHT(Formulas!AT7)+2),"")))} | AS10: {=IF(OR(Formulas!AT8=0,Formulas!AT8=""),"",HYPERLINK("["&Archivo_Nombre&"]Datos!"&LEFT(SUBSTITUTE(ADDRESS(1,Formulas!AT8+2),"$",""))&Formulas!AS8+1, IFERROR(INDEX(Datos!$A$2:$L$101,Formulas!AS8,Formulas!AT8+2),"")))} | AV10: {=IF(OR(Formulas!AX7=0,Formulas!AX7="",RIGHT(Formulas!AY7)="0"),"", HYPERLINK("["&Archivo_Nombre&"]Datos!"&LEFT(SUBSTITUTE(ADDRESS(1,IF(Formulas!AX7=1,1,RIGHT(Formulas!AY7)+2)),"$",""))&Formulas!AW7+1, IFERROR(INDEX(Datos!$A$1:$L$1,1,RIGHT(Formulas!AY7)+2)&IF(Formulas!AX7=1," "&Formulas!AW7,"")&":","")))} | AW10: {=IF(OR(Formulas!AX7=0,Formulas!AX7="",RIGHT(Formulas!AY7)="0"),"", HYPERLINK("["&Archivo_Nombre&"]Datos!"&LEFT(SUBSTITUTE(ADDRESS(1,RIGHT(Formulas!AY7)+2),"$",""))&Formulas!AW7+1, IFERROR(INDEX(Datos!$A$2:$L$101,Formulas!AW7,RIGHT(Formulas!AY7)+2),"")))} | AX10: {=IF(OR(Formulas!AY8=0,Formulas!AY8=""),"",HYPERLINK("["&Archivo_Nombre&"]Datos!"&LEFT(SUBSTITUTE(ADDRESS(1,Formulas!AY8+2),"$",""))&Formulas!AX8+1, IFERROR(INDEX(Datos!$A$2:$L$101,Formulas!AX8,Formulas!AY8+2),"")))}
C11: {=IF(OR(Formulas!E8=0,Formulas!E8="",RIGHT(Formulas!F8)="0"),"", HYPERLINK("["&Archivo_Nombre&"]Datos!"&LEFT(SUBSTITUTE(ADDRESS(1,IF(Formulas!E8=1,1,RIGHT(Formulas!F8)+2)),"$",""))&Formulas!D8+1, IFERROR(INDEX(Datos!$A$1:$L$1,1,RIGHT(Formulas!F8)+2)&IF(Formulas!E8=1," "&Formulas!D8,"")&":","")))} | D11: {=IF(OR(Formulas!E8=0,Formulas!E8="",RIGHT(Formulas!F8)="0"),"", HYPERLINK("["&Archivo_Nombre&"]Datos!"&LEFT(SUBSTITUTE(ADDRESS(1,RIGHT(Formulas!F8)+2),"$",""))&Formulas!D8+1, IFERROR(INDEX(Datos!$A$2:$L$101,Formulas!D8,RIGHT(Formulas!F8)+2),"")))} | E11: {=IF(OR(Formulas!F9=0,Formulas!F9=""),"",HYPERLINK("["&Archivo_Nombre&"]Datos!"&LEFT(SUBSTITUTE(ADDRESS(1,Formulas!F9+2),"$",""))&Formulas!E9+1, IFERROR(INDEX(Datos!$A$2:$L$101,Formulas!E9,Formulas!F9+2),"")))} | H11: {=IF(OR(Formulas!J8=0,Formulas!J8="",RIGHT(Formulas!K8)="0"),"", HYPERLINK("["&Archivo_Nombre&"]Datos!"&LEFT(SUBSTITUTE(ADDRESS(1,IF(Formulas!J8=1,1,RIGHT(Formulas!K8)+2)),"$",""))&Formulas!I8+1, IFERROR(INDEX(Datos!$A$1:$L$1,1,RIGHT(Formulas!K8)+2)&IF(Formulas!J8=1," "&Formulas!I8,"")&":","")))} -> Final: | I11: {=IF(OR(Formulas!J8=0,Formulas!J8="",RIGHT(Formulas!K8)="0"),"", HYPERLINK("["&Archivo_Nombre&"]Datos!"&LEFT(SUBSTITUTE(ADDRESS(1,RIGHT(Formulas!K8)+2),"$",""))&Formulas!I8+1, IFERROR(INDEX(Datos!$A$2:$L$101,Formulas!I8,RIGHT(Formulas!K8)+2),"")))} -> 0 | J11: {=IF(OR(Formulas!K9=0,Formulas!K9=""),"",HYPERLINK("["&Archivo_Nombre&"]Datos!"&LEFT(SUBSTITUTE(ADDRESS(1,Formulas!K9+2),"$",""))&Formulas!J9+1, IFERROR(INDEX(Datos!$A$2:$L$101,Formulas!J9,Formulas!K9+2),"")))} -> #VALUE! | M11: {=IF(OR(Formulas!O8=0,Formulas!O8="",RIGHT(Formulas!P8)="0"),"", HYPERLINK("["&Archivo_Nombre&"]Datos!"&LEFT(SUBSTITUTE(ADDRESS(1,IF(Formulas!O8=1,1,RIGHT(Formulas!P8)+2)),"$",""))&Formulas!N8+1, IFERROR(INDEX(Datos!$A$1:$L$1,1,RIGHT(Formulas!P8)+2)&IF(Formulas!O8=1," "&Formulas!N8,"")&":","")))} | N11: {=IF(OR(Formulas!O8=0,Formulas!O8="",RIGHT(Formulas!P8)="0"),"", HYPERLINK("["&Archivo_Nombre&"]Datos!"&LEFT(SUBSTITUTE(ADDRESS(1,RIGHT(Formulas!P8)+2),"$",""))&Formulas!N8+1, IFERROR(INDEX(Datos!$A$2:$L$101,Formulas!N8,RIGHT(Formulas!P8)+2),"")))} | O11: {=IF(OR(Formulas!P9=0,Formulas!P9=""),"",HYPERLINK("["&Archivo_Nombre&"]Datos!"&LEFT(SUBSTITUTE(ADDRESS(1,Formulas!P9+2),"$",""))&Formulas!O9+1, IFERROR(INDEX(Datos!$A$2:$L$101,Formulas!O9,Formulas!P9+2),"")))} | R11: {=IF(OR(Formulas!T8=0,Formulas!T8="",RIGHT(Formulas!U8)="0"),"", HYPERLINK("["&Archivo_Nombre&"]Datos!"&LEFT(SUBSTITUTE(ADDRESS(1,IF(Formulas!T8=1,1,RIGHT(Formulas!U8)+2)),"$",""))&Formulas!S8+1, IFERROR(INDEX(Datos!$A$1:$L$1,1,RIGHT(Formulas!U8)+2)&IF(Formulas!T8=1," "&Formulas!S8,"")&":","")))} -> Final: | S11: {=IF(OR(Formulas!T8=0,Formulas!T8="",RIGHT(Formulas!U8)="0"),"", HYPERLINK("["&Archivo_Nombre&"]Datos!"&LEFT(SUBSTITUTE(ADDRESS(1,RIGHT(Formulas!U8)+2),"$",""))&Formulas!S8+1, IFERROR(INDEX(Datos!$A$2:$L$101,Formulas!S8,RIGHT(Formulas!U8)+2),"")))} -> 45687 | T11: {=IF(OR(Formulas!U9=0,Formulas!U9=""),"",HYPERLINK("["&Archivo_Nombre&"]Datos!"&LEFT(SUBSTITUTE(ADDRESS(1,Formulas!U9+2),"$",""))&Formulas!T9+1, IFERROR(INDEX(Datos!$A$2:$L$101,Formulas!T9,Formulas!U9+2),"")))} -> #VALUE! | W11: {=IF(OR(Formulas!Y8=0,Formulas!Y8="",RIGHT(Formulas!Z8)="0"),"", HYPERLINK("["&Archivo_Nombre&"]Datos!"&LEFT(SUBSTITUTE(ADDRESS(1,IF(Formulas!Y8=1,1,RIGHT(Formulas!Z8)+2)),"$",""))&Formulas!X8+1, IFERROR(INDEX(Datos!$A$1:$L$1,1,RIGHT(Formulas!Z8)+2)&IF(Formulas!Y8=1," "&Formulas!X8,"")&":","")))} | X11: {=IF(OR(Formulas!Y8=0,Formulas!Y8="",RIGHT(Formulas!Z8)="0"),"", HYPERLINK("["&Archivo_Nombre&"]Datos!"&LEFT(SUBSTITUTE(ADDRESS(1,RIGHT(Formulas!Z8)+2),"$",""))&Formulas!X8+1, IFERROR(INDEX(Datos!$A$2:$L$101,Formulas!X8,RIGHT(Formulas!Z8)+2),"")))} | Y11: {=IF(OR(Formulas!Z9=0,Formulas!Z9=""),"",HYPERLINK("["&Archivo_Nombre&"]Datos!"&LEFT(SUBSTITUTE(ADDRESS(1,Formulas!Z9+2),"$",""))&Formulas!Y9+1, IFERROR(INDEX(Datos!$A$2:$L$101,Formulas!Y9,Formulas!Z9+2),"")))} | AB11: {=IF(OR(Formulas!AD8=0,Formulas!AD8="",RIGHT(Formulas!AE8)="0"),"", HYPERLINK("["&Archivo_Nombre&"]Datos!"&LEFT(SUBSTITUTE(ADDRESS(1,IF(Formulas!AD8=1,1,RIGHT(Formulas!AE8)+2)),"$",""))&Formulas!AC8+1, IFERROR(INDEX(Datos!$A$1:$L$1,1,RIGHT(Formulas!AE8)+2)&IF(Formulas!AD8=1," "&Formulas!AC8,"")&":","")))} | AC11: {=IF(OR(Formulas!AD8=0,Formulas!AD8="",RIGHT(Formulas!AE8)="0"),"", HYPERLINK("["&Archivo_Nombre&"]Datos!"&LEFT(SUBSTITUTE(ADDRESS(1,RIGHT(Formulas!AE8)+2),"$",""))&Formulas!AC8+1, IFERROR(INDEX(Datos!$A$2:$L$101,Formulas!AC8,RIGHT(Formulas!AE8)+2),"")))} | AD11: {=IF(OR(Formulas!AE9=0,Formulas!AE9=""),"",HYPERLINK("["&Archivo_Nombre&"]Datos!"&LEFT(SUBSTITUTE(ADDRESS(1,Formulas!AE9+2),"$",""))&Formulas!AD9+1, IFERROR(INDEX(Datos!$A$2:$L$101,Formulas!AD9,Formulas!AE9+2),"")))} | AG11: {=IF(OR(Formulas!AI8=0,Formulas!AI8="",RIGHT(Formulas!AJ8)="0"),"", HYPERLINK("["&Archivo_Nombre&"]Datos!"&LEFT(SUBSTITUTE(ADDRESS(1,IF(Formulas!AI8=1,1,RIGHT(Formulas!AJ8)+2)),"$",""))&Formulas!AH8+1, IFERROR(INDEX(Datos!$A$1:$L$1,1,RIGHT(Formulas!AJ8)+2)&IF(Formulas!AI8=1," "&Formulas!AH8,"")&":","")))} | AH11: {=IF(OR(Formulas!AI8=0,Formulas!AI8="",RIGHT(Formulas!AJ8)="0"),"", HYPERLINK("["&Archivo_Nombre&"]Datos!"&LEFT(SUBSTITUTE(ADDRESS(1,RIGHT(Formulas!AJ8)+2),"$",""))&Formulas!AH8+1, IFERROR(INDEX(Datos!$A$2:$L$101,Formulas!AH8,RIGHT(Formulas!AJ8)+2),"")))} | AI11: {=IF(OR(Formulas!AJ9=0,Formulas!AJ9=""),"",HYPERLINK("["&Archivo_Nombre&"]Datos!"&LEFT(SUBSTITUTE(ADDRESS(1,Formulas!AJ9+2),"$",""))&Formulas!AI9+1, IFERROR(INDEX(Datos!$A$2:$L$101,Formulas!AI9,Formulas!AJ9+2),"")))} | AL11: {=IF(OR(Formulas!AN8=0,Formulas!AN8="",RIGHT(Formulas!AO8)="0"),"", HYPERLINK("["&Archivo_Nombre&"]Datos!"&LEFT(SUBSTITUTE(ADDRESS(1,IF(Formulas!AN8=1,1,RIGHT(Formulas!AO8)+2)),"$",""))&Formulas!AM8+1, IFERROR(INDEX(Datos!$A$1:$L$1,1,RIGHT(Formulas!AO8)+2)&IF(Formulas!AN8=1," "&Formulas!AM8,"")&":","")))} | AM11: {=IF(OR(Formulas!AN8=0,Formulas!AN8="",RIGHT(Formulas!AO8)="0"),"", HYPERLINK("["&Archivo_Nombre&"]Datos!"&LEFT(SUBSTITUTE(ADDRESS(1,RIGHT(Formulas!AO8)+2),"$",""))&Formulas!AM8+1, IFERROR(INDEX(Datos!$A$2:$L$101,Formulas!AM8,RIGHT(Formulas!AO8)+2),"")))} | AN11: {=IF(OR(Formulas!AO9=0,Formulas!AO9=""),"",HYPERLINK("["&Archivo_Nombre&"]Datos!"&LEFT(SUBSTITUTE(ADDRESS(1,Formulas!AO9+2),"$",""))&Formulas!AN9+1, IFERROR(INDEX(Datos!$A$2:$L$101,Formulas!AN9,Formulas!AO9+2),"")))} | AQ11: {=IF(OR(Formulas!AS8=0,Formulas!AS8="",RIGHT(Formulas!AT8)="0"),"", HYPERLINK("["&Archivo_Nombre&"]Datos!"&LEFT(SUBSTITUTE(ADDRESS(1,IF(Formulas!AS8=1,1,RIGHT(Formulas!AT8)+2)),"$",""))&Formulas!AR8+1, IFERROR(INDEX(Datos!$A$1:$L$1,1,RIGHT(Formulas!AT8)+2)&IF(Formulas!AS8=1," "&Formulas!AR8,"")&":","")))} | AR11: {=IF(OR(Formulas!AS8=0,Formulas!AS8="",RIGHT(Formulas!AT8)="0"),"", HYPERLINK("["&Archivo_Nombre&"]Datos!"&LEFT(SUBSTITUTE(ADDRESS(1,RIGHT(Formulas!AT8)+2),"$",""))&Formulas!AR8+1, IFERROR(INDEX(Datos!$A$2:$L$101,Formulas!AR8,RIGHT(Formulas!AT8)+2),"")))} | AS11: {=IF(OR(Formulas!AT9=0,Formulas!AT9=""),"",HYPERLINK("["&Archivo_Nombre&"]Datos!"&LEFT(SUBSTITUTE(ADDRESS(1,Formulas!AT9+2),"$",""))&Formulas!AS9+1, IFERROR(INDEX(Datos!$A$2:$L$101,Formulas!AS9,Formulas!AT9+2),"")))} | AV11: {=IF(OR(Formulas!AX8=0,Formulas!AX8="",RIGHT(Formulas!AY8)="0"),"", HYPERLINK("["&Archivo_Nombre&"]Datos!"&LEFT(SUBSTITUTE(ADDRESS(1,IF(Formulas!AX8=1,1,RIGHT(Formulas!AY8)+2)),"$",""))&Formulas!AW8+1, IFERROR(INDEX(Datos!$A$1:$L$1,1,RIGHT(Formulas!AY8)+2)&IF(Formulas!AX8=1," "&Formulas!AW8,"")&":","")))} | AW11: {=IF(OR(Formulas!AX8=0,Formulas!AX8="",RIGHT(Formulas!AY8)="0"),"", HYPERLINK("["&Archivo_Nombre&"]Datos!"&LEFT(SUBSTITUTE(ADDRESS(1,RIGHT(Formulas!AY8)+2),"$",""))&Formulas!AW8+1, IFERROR(INDEX(Datos!$A$2:$L$101,Formulas!AW8,RIGHT(Formulas!AY8)+2),"")))} | AX11: {=IF(OR(Formulas!AY9=0,Formulas!AY9=""),"",HYPERLINK("["&Archivo_Nombre&"]Datos!"&LEFT(SUBSTITUTE(ADDRESS(1,Formulas!AY9+2),"$",""))&Formulas!AX9+1, IFERROR(INDEX(Datos!$A$2:$L$101,Formulas!AX9,Formulas!AY9+2),"")))}
C12: {=IF(OR(Formulas!E9=0,Formulas!E9="",RIGHT(Formulas!F9)="0"),"", HYPERLINK("["&Archivo_Nombre&"]Datos!"&LEFT(SUBSTITUTE(ADDRESS(1,IF(Formulas!E9=1,1,RIGHT(Formulas!F9)+2)),"$",""))&Formulas!D9+1, IFERROR(INDEX(Datos!$A$1:$L$1,1,RIGHT(Formulas!F9)+2)&IF(Formulas!E9=1," "&Formulas!D9,"")&":","")))} | D12: {=IF(OR(Formulas!E9=0,Formulas!E9="",RIGHT(Formulas!F9)="0"),"", HYPERLINK("["&Archivo_Nombre&"]Datos!"&LEFT(SUBSTITUTE(ADDRESS(1,RIGHT(Formulas!F9)+2),"$",""))&Formulas!D9+1, IFERROR(INDEX(Datos!$A$2:$L$101,Formulas!D9,RIGHT(Formulas!F9)+2),"")))} | E12: {=IF(OR(Formulas!F10=0,Formulas!F10=""),"",HYPERLINK("["&Archivo_Nombre&"]Datos!"&LEFT(SUBSTITUTE(ADDRESS(1,Formulas!F10+2),"$",""))&Formulas!E10+1, IFERROR(INDEX(Datos!$A$2:$L$101,Formulas!E10,Formulas!F10+2),"")))} | H12: {=IF(OR(Formulas!J9=0,Formulas!J9="",RIGHT(Formulas!K9)="0"),"", HYPERLINK("["&Archivo_Nombre&"]Datos!"&LEFT(SUBSTITUTE(ADDRESS(1,IF(Formulas!J9=1,1,RIGHT(Formulas!K9)+2)),"$",""))&Formulas!I9+1, IFERROR(INDEX(Datos!$A$1:$L$1,1,RIGHT(Formulas!K9)+2)&IF(Formulas!J9=1," "&Formulas!I9,"")&":","")))} -> Duración: | I12: {=IF(OR(Formulas!J9=0,Formulas!J9="",RIGHT(Formulas!K9)="0"),"", HYPERLINK("["&Archivo_Nombre&"]Datos!"&LEFT(SUBSTITUTE(ADDRESS(1,RIGHT(Formulas!K9)+2),"$",""))&Formulas!I9+1, IFERROR(INDEX(Datos!$A$2:$L$101,Formulas!I9,RIGHT(Formulas!K9)+2),"")))} | J12: {=IF(OR(Formulas!K10=0,Formulas!K10=""),"",HYPERLINK("["&Archivo_Nombre&"]Datos!"&LEFT(SUBSTITUTE(ADDRESS(1,Formulas!K10+2),"$",""))&Formulas!J10+1, IFERROR(INDEX(Datos!$A$2:$L$101,Formulas!J10,Formulas!K10+2),"")))} -> #VALUE! | M12: {=IF(OR(Formulas!O9=0,Formulas!O9="",RIGHT(Formulas!P9)="0"),"", HYPERLINK("["&Archivo_Nombre&"]Datos!"&LEFT(SUBSTITUTE(ADDRESS(1,IF(Formulas!O9=1,1,RIGHT(Formulas!P9)+2)),"$",""))&Formulas!N9+1, IFERROR(INDEX(Datos!$A$1:$L$1,1,RIGHT(Formulas!P9)+2)&IF(Formulas!O9=1," "&Formulas!N9,"")&":","")))} | N12: {=IF(OR(Formulas!O9=0,Formulas!O9="",RIGHT(Formulas!P9)="0"),"", HYPERLINK("["&Archivo_Nombre&"]Datos!"&LEFT(SUBSTITUTE(ADDRESS(1,RIGHT(Formulas!P9)+2),"$",""))&Formulas!N9+1, IFERROR(INDEX(Datos!$A$2:$L$101,Formulas!N9,RIGHT(Formulas!P9)+2),"")))} | O12: {=IF(OR(Formulas!P10=0,Formulas!P10=""),"",HYPERLINK("["&Archivo_Nombre&"]Datos!"&LEFT(SUBSTITUTE(ADDRESS(1,Formulas!P10+2),"$",""))&Formulas!O10+1, IFERROR(INDEX(Datos!$A$2:$L$101,Formulas!O10,Formulas!P10+2),"")))} | R12: {=IF(OR(Formulas!T9=0,Formulas!T9="",RIGHT(Formulas!U9)="0"),"", HYPERLINK("["&Archivo_Nombre&"]Datos!"&LEFT(SUBSTITUTE(ADDRESS(1,IF(Formulas!T9=1,1,RIGHT(Formulas!U9)+2)),"$",""))&Formulas!S9+1, IFERROR(INDEX(Datos!$A$1:$L$1,1,RIGHT(Formulas!U9)+2)&IF(Formulas!T9=1," "&Formulas!S9,"")&":","")))} -> Duración: | S12: {=IF(OR(Formulas!T9=0,Formulas!T9="",RIGHT(Formulas!U9)="0"),"", HYPERLINK("["&Archivo_Nombre&"]Datos!"&LEFT(SUBSTITUTE(ADDRESS(1,RIGHT(Formulas!U9)+2),"$",""))&Formulas!S9+1, IFERROR(INDEX(Datos!$A$2:$L$101,Formulas!S9,RIGHT(Formulas!U9)+2),"")))} | T12: {=IF(OR(Formulas!U10=0,Formulas!U10=""),"",HYPERLINK("["&Archivo_Nombre&"]Datos!"&LEFT(SUBSTITUTE(ADDRESS(1,Formulas!U10+2),"$",""))&Formulas!T10+1, IFERROR(INDEX(Datos!$A$2:$L$101,Formulas!T10,Formulas!U10+2),"")))} -> #VALUE! | W12: {=IF(OR(Formulas!Y9=0,Formulas!Y9="",RIGHT(Formulas!Z9)="0"),"", HYPERLINK("["&Archivo_Nombre&"]Datos!"&LEFT(SUBSTITUTE(ADDRESS(1,IF(Formulas!Y9=1,1,RIGHT(Formulas!Z9)+2)),"$",""))&Formulas!X9+1, IFERROR(INDEX(Datos!$A$1:$L$1,1,RIGHT(Formulas!Z9)+2)&IF(Formulas!Y9=1," "&Formulas!X9,"")&":","")))} | X12: {=IF(OR(Formulas!Y9=0,Formulas!Y9="",RIGHT(Formulas!Z9)="0"),"", HYPERLINK("["&Archivo_Nombre&"]Datos!"&LEFT(SUBSTITUTE(ADDRESS(1,RIGHT(Formulas!Z9)+2),"$",""))&Formulas!X9+1, IFERROR(INDEX(Datos!$A$2:$L$101,Formulas!X9,RIGHT(Formulas!Z9)+2),"")))} | Y12: {=IF(OR(Formulas!Z10=0,Formulas!Z10=""),"",HYPERLINK("["&Archivo_Nombre&"]Datos!"&LEFT(SUBSTITUTE(ADDRESS(1,Formulas!Z10+2),"$",""))&Formulas!Y10+1, IFERROR(INDEX(Datos!$A$2:$L$101,Formulas!Y10,Formulas!Z10+2),"")))} | AB12: {=IF(OR(Formulas!AD9=0,Formulas!AD9="",RIGHT(Formulas!AE9)="0"),"", HYPERLINK("["&Archivo_Nombre&"]Datos!"&LEFT(SUBSTITUTE(ADDRESS(1,IF(Formulas!AD9=1,1,RIGHT(Formulas!AE9)+2)),"$",""))&Formulas!AC9+1, IFERROR(INDEX(Datos!$A$1:$L$1,1,RIGHT(Formulas!AE9)+2)&IF(Formulas!AD9=1," "&Formulas!AC9,"")&":","")))} | AC12: {=IF(OR(Formulas!AD9=0,Formulas!AD9="",RIGHT(Formulas!AE9)="0"),"", HYPERLINK("["&Archivo_Nombre&"]Datos!"&LEFT(SUBSTITUTE(ADDRESS(1,RIGHT(Formulas!AE9)+2),"$",""))&Formulas!AC9+1, IFERROR(INDEX(Datos!$A$2:$L$101,Formulas!AC9,RIGHT(Formulas!AE9)+2),"")))} | AD12: {=IF(OR(Formulas!AE10=0,Formulas!AE10=""),"",HYPERLINK("["&Archivo_Nombre&"]Datos!"&LEFT(SUBSTITUTE(ADDRESS(1,Formulas!AE10+2),"$",""))&Formulas!AD10+1, IFERROR(INDEX(Datos!$A$2:$L$101,Formulas!AD10,Formulas!AE10+2),"")))} | AG12: {=IF(OR(Formulas!AI9=0,Formulas!AI9="",RIGHT(Formulas!AJ9)="0"),"", HYPERLINK("["&Archivo_Nombre&"]Datos!"&LEFT(SUBSTITUTE(ADDRESS(1,IF(Formulas!AI9=1,1,RIGHT(Formulas!AJ9)+2)),"$",""))&Formulas!AH9+1, IFERROR(INDEX(Datos!$A$1:$L$1,1,RIGHT(Formulas!AJ9)+2)&IF(Formulas!AI9=1," "&Formulas!AH9,"")&":","")))} | AH12: {=IF(OR(Formulas!AI9=0,Formulas!AI9="",RIGHT(Formulas!AJ9)="0"),"", HYPERLINK("["&Archivo_Nombre&"]Datos!"&LEFT(SUBSTITUTE(ADDRESS(1,RIGHT(Formulas!AJ9)+2),"$",""))&Formulas!AH9+1, IFERROR(INDEX(Datos!$A$2:$L$101,Formulas!AH9,RIGHT(Formulas!AJ9)+2),"")))} | AI12: {=IF(OR(Formulas!AJ10=0,Formulas!AJ10=""),"",HYPERLINK("["&Archivo_Nombre&"]Datos!"&LEFT(SUBSTITUTE(ADDRESS(1,Formulas!AJ10+2),"$",""))&Formulas!AI10+1, IFERROR(INDEX(Datos!$A$2:$L$101,Formulas!AI10,Formulas!AJ10+2),"")))} | AL12: {=IF(OR(Formulas!AN9=0,Formulas!AN9="",RIGHT(Formulas!AO9)="0"),"", HYPERLINK("["&Archivo_Nombre&"]Datos!"&LEFT(SUBSTITUTE(ADDRESS(1,IF(Formulas!AN9=1,1,RIGHT(Formulas!AO9)+2)),"$",""))&Formulas!AM9+1, IFERROR(INDEX(Datos!$A$1:$L$1,1,RIGHT(Formulas!AO9)+2)&IF(Formulas!AN9=1," "&Formulas!AM9,"")&":","")))} | AM12: {=IF(OR(Formulas!AN9=0,Formulas!AN9="",RIGHT(Formulas!AO9)="0"),"", HYPERLINK("["&Archivo_Nombre&"]Datos!"&LEFT(SUBSTITUTE(ADDRESS(1,RIGHT(Formulas!AO9)+2),"$",""))&Formulas!AM9+1, IFERROR(INDEX(Datos!$A$2:$L$101,Formulas!AM9,RIGHT(Formulas!AO9)+2),"")))} | AN12: {=IF(OR(Formulas!AO10=0,Formulas!AO10=""),"",HYPERLINK("["&Archivo_Nombre&"]Datos!"&LEFT(SUBSTITUTE(ADDRESS(1,Formulas!AO10+2),"$",""))&Formulas!AN10+1, IFERROR(INDEX(Datos!$A$2:$L$101,Formulas!AN10,Formulas!AO10+2),"")))} | AQ12: {=IF(OR(Formulas!AS9=0,Formulas!AS9="",RIGHT(Formulas!AT9)="0"),"", HYPERLINK("["&Archivo_Nombre&"]Datos!"&LEFT(SUBSTITUTE(ADDRESS(1,IF(Formulas!AS9=1,1,RIGHT(Formulas!AT9)+2)),"$",""))&Formulas!AR9+1, IFERROR(INDEX(Datos!$A$1:$L$1,1,RIGHT(Formulas!AT9)+2)&IF(Formulas!AS9=1," "&Formulas!AR9,"")&":","")))} | AR12: {=IF(OR(Formulas!AS9=0,Formulas!AS9="",RIGHT(Formulas!AT9)="0"),"", HYPERLINK("["&Archivo_Nombre&"]Datos!"&LEFT(SUBSTITUTE(ADDRESS(1,RIGHT(Formulas!AT9)+2),"$",""))&Formulas!AR9+1, IFERROR(INDEX(Datos!$A$2:$L$101,Formulas!AR9,RIGHT(Formulas!AT9)+2),"")))} | AS12: {=IF(OR(Formulas!AT10=0,Formulas!AT10=""),"",HYPERLINK("["&Archivo_Nombre&"]Datos!"&LEFT(SUBSTITUTE(ADDRESS(1,Formulas!AT10+2),"$",""))&Formulas!AS10+1, IFERROR(INDEX(Datos!$A$2:$L$101,Formulas!AS10,Formulas!AT10+2),"")))} | AV12: {=IF(OR(Formulas!AX9=0,Formulas!AX9="",RIGHT(Formulas!AY9)="0"),"", HYPERLINK("["&Archivo_Nombre&"]Datos!"&LEFT(SUBSTITUTE(ADDRESS(1,IF(Formulas!AX9=1,1,RIGHT(Formulas!AY9)+2)),"$",""))&Formulas!AW9+1, IFERROR(INDEX(Datos!$A$1:$L$1,1,RIGHT(Formulas!AY9)+2)&IF(Formulas!AX9=1," "&Formulas!AW9,"")&":","")))} | AW12: {=IF(OR(Formulas!AX9=0,Formulas!AX9="",RIGHT(Formulas!AY9)="0"),"", HYPERLINK("["&Archivo_Nombre&"]Datos!"&LEFT(SUBSTITUTE(ADDRESS(1,RIGHT(Formulas!AY9)+2),"$",""))&Formulas!AW9+1, IFERROR(INDEX(Datos!$A$2:$L$101,Formulas!AW9,RIGHT(Formulas!AY9)+2),"")))} | AX12: {=IF(OR(Formulas!AY10=0,Formulas!AY10=""),"",HYPERLINK("["&Archivo_Nombre&"]Datos!"&LEFT(SUBSTITUTE(ADDRESS(1,Formulas!AY10+2),"$",""))&Formulas!AX10+1, IFERROR(INDEX(Datos!$A$2:$L$101,Formulas!AX10,Formulas!AY10+2),"")))}
C13: {=IF(OR(Formulas!E10=0,Formulas!E10="",RIGHT(Formulas!F10)="0"),"", HYPERLINK("["&Archivo_Nombre&"]Datos!"&LEFT(SUBSTITUTE(ADDRESS(1,IF(Formulas!E10=1,1,RIGHT(Formulas!F10)+2)),"$",""))&Formulas!D10+1, IFERROR(INDEX(Datos!$A$1:$L$1,1,RIGHT(Formulas!F10)+2)&IF(Formulas!E10=1," "&Formulas!D10,"")&":","")))} | D13: {=IF(OR(Formulas!E10=0,Formulas!E10="",RIGHT(Formulas!F10)="0"),"", HYPERLINK("["&Archivo_Nombre&"]Datos!"&LEFT(SUBSTITUTE(ADDRESS(1,RIGHT(Formulas!F10)+2),"$",""))&Formulas!D10+1, IFERROR(INDEX(Datos!$A$2:$L$101,Formulas!D10,RIGHT(Formulas!F10)+2),"")))} | E13: {=IF(OR(Formulas!F11=0,Formulas!F11=""),"",HYPERLINK("["&Archivo_Nombre&"]Datos!"&LEFT(SUBSTITUTE(ADDRESS(1,Formulas!F11+2),"$",""))&Formulas!E11+1, IFERROR(INDEX(Datos!$A$2:$L$101,Formulas!E11,Formulas!F11+2),"")))} | H13: {=IF(OR(Formulas!J10=0,Formulas!J10="",RIGHT(Formulas!K10)="0"),"", HYPERLINK("["&Archivo_Nombre&"]Datos!"&LEFT(SUBSTITUTE(ADDRESS(1,IF(Formulas!J10=1,1,RIGHT(Formulas!K10)+2)),"$",""))&Formulas!I10+1, IFERROR(INDEX(Datos!$A$1:$L$1,1,RIGHT(Formulas!K10)+2)&IF(Formulas!J10=1," "&Formulas!I10,"")&":","")))} -> Retraso: | I13: {=IF(OR(Formulas!J10=0,Formulas!J10="",RIGHT(Formulas!K10)="0"),"", HYPERLINK("["&Archivo_Nombre&"]Datos!"&LEFT(SUBSTITUTE(ADDRESS(1,RIGHT(Formulas!K10)+2),"$",""))&Formulas!I10+1, IFERROR(INDEX(Datos!$A$2:$L$101,Formulas!I10,RIGHT(Formulas!K10)+2),"")))} | J13: {=IF(OR(Formulas!K11=0,Formulas!K11=""),"",HYPERLINK("["&Archivo_Nombre&"]Datos!"&LEFT(SUBSTITUTE(ADDRESS(1,Formulas!K11+2),"$",""))&Formulas!J11+1, IFERROR(INDEX(Datos!$A$2:$L$101,Formulas!J11,Formulas!K11+2),"")))} -> #VALUE! | M13: {=IF(OR(Formulas!O10=0,Formulas!O10="",RIGHT(Formulas!P10)="0"),"", HYPERLINK("["&Archivo_Nombre&"]Datos!"&LEFT(SUBSTITUTE(ADDRESS(1,IF(Formulas!O10=1,1,RIGHT(Formulas!P10)+2)),"$",""))&Formulas!N10+1, IFERROR(INDEX(Datos!$A$1:$L$1,1,RIGHT(Formulas!P10)+2)&IF(Formulas!O10=1," "&Formulas!N10,"")&":","")))} | N13: {=IF(OR(Formulas!O10=0,Formulas!O10="",RIGHT(Formulas!P10)="0"),"", HYPERLINK("["&Archivo_Nombre&"]Datos!"&LEFT(SUBSTITUTE(ADDRESS(1,RIGHT(Formulas!P10)+2),"$",""))&Formulas!N10+1, IFERROR(INDEX(Datos!$A$2:$L$101,Formulas!N10,RIGHT(Formulas!P10)+2),"")))} | O13: {=IF(OR(Formulas!P11=0,Formulas!P11=""),"",HYPERLINK("["&Archivo_Nombre&"]Datos!"&LEFT(SUBSTITUTE(ADDRESS(1,Formulas!P11+2),"$",""))&Formulas!O11+1, IFERROR(INDEX(Datos!$A$2:$L$101,Formulas!O11,Formulas!P11+2),"")))} | R13: {=IF(OR(Formulas!T10=0,Formulas!T10="",RIGHT(Formulas!U10)="0"),"", HYPERLINK("["&Archivo_Nombre&"]Datos!"&LEFT(SUBSTITUTE(ADDRESS(1,IF(Formulas!T10=1,1,RIGHT(Formulas!U10)+2)),"$",""))&Formulas!S10+1, IFERROR(INDEX(Datos!$A$1:$L$1,1,RIGHT(Formulas!U10)+2)&IF(Formulas!T10=1," "&Formulas!S10,"")&":","")))} -> Retraso: | S13: {=IF(OR(Formulas!T10=0,Formulas!T10="",RIGHT(Formulas!U10)="0"),"", HYPERLINK("["&Archivo_Nombre&"]Datos!"&LEFT(SUBSTITUTE(ADDRESS(1,RIGHT(Formulas!U10)+2),"$",""))&Formulas!S10+1, IFERROR(INDEX(Datos!$A$2:$L$101,Formulas!S10,RIGHT(Formulas!U10)+2),"")))} | T13: {=IF(OR(Formulas!U11=0,Formulas!U11=""),"",HYPERLINK("["&Archivo_Nombre&"]Datos!"&LEFT(SUBSTITUTE(ADDRESS(1,Formulas!U11+2),"$",""))&Formulas!T11+1, IFERROR(INDEX(Datos!$A$2:$L$101,Formulas!T11,Formulas!U11+2),"")))} -> #VALUE! | W13: {=IF(OR(Formulas!Y10=0,Formulas!Y10="",RIGHT(Formulas!Z10)="0"),"", HYPERLINK("["&Archivo_Nombre&"]Datos!"&LEFT(SUBSTITUTE(ADDRESS(1,IF(Formulas!Y10=1,1,RIGHT(Formulas!Z10)+2)),"$",""))&Formulas!X10+1, IFERROR(INDEX(Datos!$A$1:$L$1,1,RIGHT(Formulas!Z10)+2)&IF(Formulas!Y10=1," "&Formulas!X10,"")&":","")))} | X13: {=IF(OR(Formulas!Y10=0,Formulas!Y10="",RIGHT(Formulas!Z10)="0"),"", HYPERLINK("["&Archivo_Nombre&"]Datos!"&LEFT(SUBSTITUTE(ADDRESS(1,RIGHT(Formulas!Z10)+2),"$",""))&Formulas!X10+1, IFERROR(INDEX(Datos!$A$2:$L$101,Formulas!X10,RIGHT(Formulas!Z10)+2),"")))} | Y13: {=IF(OR(Formulas!Z11=0,Formulas!Z11=""),"",HYPERLINK("["&Archivo_Nombre&"]Datos!"&LEFT(SUBSTITUTE(ADDRESS(1,Formulas!Z11+2),"$",""))&Formulas!Y11+1, IFERROR(INDEX(Datos!$A$2:$L$101,Formulas!Y11,Formulas!Z11+2),"")))} | AB13: {=IF(OR(Formulas!AD10=0,Formulas!AD10="",RIGHT(Formulas!AE10)="0"),"", HYPERLINK("["&Archivo_Nombre&"]Datos!"&LEFT(SUBSTITUTE(ADDRESS(1,IF(Formulas!AD10=1,1,RIGHT(Formulas!AE10)+2)),"$",""))&Formulas!AC10+1, IFERROR(INDEX(Datos!$A$1:$L$1,1,RIGHT(Formulas!AE10)+2)&IF(Formulas!AD10=1," "&Formulas!AC10,"")&":","")))} | AC13: {=IF(OR(Formulas!AD10=0,Formulas!AD10="",RIGHT(Formulas!AE10)="0"),"", HYPERLINK("["&Archivo_Nombre&"]Datos!"&LEFT(SUBSTITUTE(ADDRESS(1,RIGHT(Formulas!AE10)+2),"$",""))&Formulas!AC10+1, IFERROR(INDEX(Datos!$A$2:$L$101,Formulas!AC10,RIGHT(Formulas!AE10)+2),"")))} | AD13: {=IF(OR(Formulas!AE11=0,Formulas!AE11=""),"",HYPERLINK("["&Archivo_Nombre&"]Datos!"&LEFT(SUBSTITUTE(ADDRESS(1,Formulas!AE11+2),"$",""))&Formulas!AD11+1, IFERROR(INDEX(Datos!$A$2:$L$101,Formulas!AD11,Formulas!AE11+2),"")))} | AG13: {=IF(OR(Formulas!AI10=0,Formulas!AI10="",RIGHT(Formulas!AJ10)="0"),"", HYPERLINK("["&Archivo_Nombre&"]Datos!"&LEFT(SUBSTITUTE(ADDRESS(1,IF(Formulas!AI10=1,1,RIGHT(Formulas!AJ10)+2)),"$",""))&Formulas!AH10+1, IFERROR(INDEX(Datos!$A$1:$L$1,1,RIGHT(Formulas!AJ10)+2)&IF(Formulas!AI10=1," "&Formulas!AH10,"")&":","")))} | AH13: {=IF(OR(Formulas!AI10=0,Formulas!AI10="",RIGHT(Formulas!AJ10)="0"),"", HYPERLINK("["&Archivo_Nombre&"]Datos!"&LEFT(SUBSTITUTE(ADDRESS(1,RIGHT(Formulas!AJ10)+2),"$",""))&Formulas!AH10+1, IFERROR(INDEX(Datos!$A$2:$L$101,Formulas!AH10,RIGHT(Formulas!AJ10)+2),"")))} | AI13: {=IF(OR(Formulas!AJ11=0,Formulas!AJ11=""),"",HYPERLINK("["&Archivo_Nombre&"]Datos!"&LEFT(SUBSTITUTE(ADDRESS(1,Formulas!AJ11+2),"$",""))&Formulas!AI11+1, IFERROR(INDEX(Datos!$A$2:$L$101,Formulas!AI11,Formulas!AJ11+2),"")))} | AL13: {=IF(OR(Formulas!AN10=0,Formulas!AN10="",RIGHT(Formulas!AO10)="0"),"", HYPERLINK("["&Archivo_Nombre&"]Datos!"&LEFT(SUBSTITUTE(ADDRESS(1,IF(Formulas!AN10=1,1,RIGHT(Formulas!AO10)+2)),"$",""))&Formulas!AM10+1, IFERROR(INDEX(Datos!$A$1:$L$1,1,RIGHT(Formulas!AO10)+2)&IF(Formulas!AN10=1," "&Formulas!AM10,"")&":","")))} | AM13: {=IF(OR(Formulas!AN10=0,Formulas!AN10="",RIGHT(Formulas!AO10)="0"),"", HYPERLINK("["&Archivo_Nombre&"]Datos!"&LEFT(SUBSTITUTE(ADDRESS(1,RIGHT(Formulas!AO10)+2),"$",""))&Formulas!AM10+1, IFERROR(INDEX(Datos!$A$2:$L$101,Formulas!AM10,RIGHT(Formulas!AO10)+2),"")))} | AN13: {=IF(OR(Formulas!AO11=0,Formulas!AO11=""),"",HYPERLINK("["&Archivo_Nombre&"]Datos!"&LEFT(SUBSTITUTE(ADDRESS(1,Formulas!AO11+2),"$",""))&Formulas!AN11+1, IFERROR(INDEX(Datos!$A$2:$L$101,Formulas!AN11,Formulas!AO11+2),"")))} | AQ13: {=IF(OR(Formulas!AS10=0,Formulas!AS10="",RIGHT(Formulas!AT10)="0"),"", HYPERLINK("["&Archivo_Nombre&"]Datos!"&LEFT(SUBSTITUTE(ADDRESS(1,IF(Formulas!AS10=1,1,RIGHT(Formulas!AT10)+2)),"$",""))&Formulas!AR10+1, IFERROR(INDEX(Datos!$A$1:$L$1,1,RIGHT(Formulas!AT10)+2)&IF(Formulas!AS10=1," "&Formulas!AR10,"")&":","")))} | AR13: {=IF(OR(Formulas!AS10=0,Formulas!AS10="",RIGHT(Formulas!AT10)="0"),"", HYPERLINK("["&Archivo_Nombre&"]Datos!"&LEFT(SUBSTITUTE(ADDRESS(1,RIGHT(Formulas!AT10)+2),"$",""))&Formulas!AR10+1, IFERROR(INDEX(Datos!$A$2:$L$101,Formulas!AR10,RIGHT(Formulas!AT10)+2),"")))} | AS13: {=IF(OR(Formulas!AT11=0,Formulas!AT11=""),"",HYPERLINK("["&Archivo_Nombre&"]Datos!"&LEFT(SUBSTITUTE(ADDRESS(1,Formulas!AT11+2),"$",""))&Formulas!AS11+1, IFERROR(INDEX(Datos!$A$2:$L$101,Formulas!AS11,Formulas!AT11+2),"")))} | AV13: {=IF(OR(Formulas!AX10=0,Formulas!AX10="",RIGHT(Formulas!AY10)="0"),"", HYPERLINK("["&Archivo_Nombre&"]Datos!"&LEFT(SUBSTITUTE(ADDRESS(1,IF(Formulas!AX10=1,1,RIGHT(Formulas!AY10)+2)),"$",""))&Formulas!AW10+1, IFERROR(INDEX(Datos!$A$1:$L$1,1,RIGHT(Formulas!AY10)+2)&IF(Formulas!AX10=1," "&Formulas!AW10,"")&":","")))} | AW13: {=IF(OR(Formulas!AX10=0,Formulas!AX10="",RIGHT(Formulas!AY10)="0"),"", HYPERLINK("["&Archivo_Nombre&"]Datos!"&LEFT(SUBSTITUTE(ADDRESS(1,RIGHT(Formulas!AY10)+2),"$",""))&Formulas!AW10+1, IFERROR(INDEX(Datos!$A$2:$L$101,Formulas!AW10,RIGHT(Formulas!AY10)+2),"")))} | AX13: {=IF(OR(Formulas!AY11=0,Formulas!AY11=""),"",HYPERLINK("["&Archivo_Nombre&"]Datos!"&LEFT(SUBSTITUTE(ADDRESS(1,Formulas!AY11+2),"$",""))&Formulas!AX11+1, IFERROR(INDEX(Datos!$A$2:$L$101,Formulas!AX11,Formulas!AY11+2),"")))}
C14: {=IF(OR(Formulas!E11=0,Formulas!E11="",RIGHT(Formulas!F11)="0"),"", HYPERLINK("["&Archivo_Nombre&"]Datos!"&LEFT(SUBSTITUTE(ADDRESS(1,IF(Formulas!E11=1,1,RIGHT(Formulas!F11)+2)),"$",""))&Formulas!D11+1, IFERROR(INDEX(Datos!$A$1:$L$1,1,RIGHT(Formulas!F11)+2)&IF(Formulas!E11=1," "&Formulas!D11,"")&":","")))} | D14: {=IF(OR(Formulas!E11=0,Formulas!E11="",RIGHT(Formulas!F11)="0"),"", HYPERLINK("["&Archivo_Nombre&"]Datos!"&LEFT(SUBSTITUTE(ADDRESS(1,RIGHT(Formulas!F11)+2),"$",""))&Formulas!D11+1, IFERROR(INDEX(Datos!$A$2:$L$101,Formulas!D11,RIGHT(Formulas!F11)+2),"")))} | E14: {=IF(OR(Formulas!F12=0,Formulas!F12=""),"",HYPERLINK("["&Archivo_Nombre&"]Datos!"&LEFT(SUBSTITUTE(ADDRESS(1,Formulas!F12+2),"$",""))&Formulas!E12+1, IFERROR(INDEX(Datos!$A$2:$L$101,Formulas!E12,Formulas!F12+2),"")))} | H14: {=IF(OR(Formulas!J11=0,Formulas!J11="",RIGHT(Formulas!K11)="0"),"", HYPERLINK("["&Archivo_Nombre&"]Datos!"&LEFT(SUBSTITUTE(ADDRESS(1,IF(Formulas!J11=1,1,RIGHT(Formulas!K11)+2)),"$",""))&Formulas!I11+1, IFERROR(INDEX(Datos!$A$1:$L$1,1,RIGHT(Formulas!K11)+2)&IF(Formulas!J11=1," "&Formulas!I11,"")&":","")))} | I14: {=IF(OR(Formulas!J11=0,Formulas!J11="",RIGHT(Formulas!K11)="0"),"", HYPERLINK("["&Archivo_Nombre&"]Datos!"&LEFT(SUBSTITUTE(ADDRESS(1,RIGHT(Formulas!K11)+2),"$",""))&Formulas!I11+1, IFERROR(INDEX(Datos!$A$2:$L$101,Formulas!I11,RIGHT(Formulas!K11)+2),"")))} | J14: {=IF(OR(Formulas!K12=0,Formulas!K12=""),"",HYPERLINK("["&Archivo_Nombre&"]Datos!"&LEFT(SUBSTITUTE(ADDRESS(1,Formulas!K12+2),"$",""))&Formulas!J12+1, IFERROR(INDEX(Datos!$A$2:$L$101,Formulas!J12,Formulas!K12+2),"")))} | M14: {=IF(OR(Formulas!O11=0,Formulas!O11="",RIGHT(Formulas!P11)="0"),"", HYPERLINK("["&Archivo_Nombre&"]Datos!"&LEFT(SUBSTITUTE(ADDRESS(1,IF(Formulas!O11=1,1,RIGHT(Formulas!P11)+2)),"$",""))&Formulas!N11+1, IFERROR(INDEX(Datos!$A$1:$L$1,1,RIGHT(Formulas!P11)+2)&IF(Formulas!O11=1," "&Formulas!N11,"")&":","")))} | N14: {=IF(OR(Formulas!O11=0,Formulas!O11="",RIGHT(Formulas!P11)="0"),"", HYPERLINK("["&Archivo_Nombre&"]Datos!"&LEFT(SUBSTITUTE(ADDRESS(1,RIGHT(Formulas!P11)+2),"$",""))&Formulas!N11+1, IFERROR(INDEX(Datos!$A$2:$L$101,Formulas!N11,RIGHT(Formulas!P11)+2),"")))} | O14: {=IF(OR(Formulas!P12=0,Formulas!P12=""),"",HYPERLINK("["&Archivo_Nombre&"]Datos!"&LEFT(SUBSTITUTE(ADDRESS(1,Formulas!P12+2),"$",""))&Formulas!O12+1, IFERROR(INDEX(Datos!$A$2:$L$101,Formulas!O12,Formulas!P12+2),"")))} | R14: {=IF(OR(Formulas!T11=0,Formulas!T11="",RIGHT(Formulas!U11)="0"),"", HYPERLINK("["&Archivo_Nombre&"]Datos!"&LEFT(SUBSTITUTE(ADDRESS(1,IF(Formulas!T11=1,1,RIGHT(Formulas!U11)+2)),"$",""))&Formulas!S11+1, IFERROR(INDEX(Datos!$A$1:$L$1,1,RIGHT(Formulas!U11)+2)&IF(Formulas!T11=1," "&Formulas!S11,"")&":","")))} | S14: {=IF(OR(Formulas!T11=0,Formulas!T11="",RIGHT(Formulas!U11)="0"),"", HYPERLINK("["&Archivo_Nombre&"]Datos!"&LEFT(SUBSTITUTE(ADDRESS(1,RIGHT(Formulas!U11)+2),"$",""))&Formulas!S11+1, IFERROR(INDEX(Datos!$A$2:$L$101,Formulas!S11,RIGHT(Formulas!U11)+2),"")))} | T14: {=IF(OR(Formulas!U12=0,Formulas!U12=""),"",HYPERLINK("["&Archivo_Nombre&"]Datos!"&LEFT(SUBSTITUTE(ADDRESS(1,Formulas!U12+2),"$",""))&Formulas!T12+1, IFERROR(INDEX(Datos!$A$2:$L$101,Formulas!T12,Formulas!U12+2),"")))} | W14: {=IF(OR(Formulas!Y11=0,Formulas!Y11="",RIGHT(Formulas!Z11)="0"),"", HYPERLINK("["&Archivo_Nombre&"]Datos!"&LEFT(SUBSTITUTE(ADDRESS(1,IF(Formulas!Y11=1,1,RIGHT(Formulas!Z11)+2)),"$",""))&Formulas!X11+1, IFERROR(INDEX(Datos!$A$1:$L$1,1,RIGHT(Formulas!Z11)+2)&IF(Formulas!Y11=1," "&Formulas!X11,"")&":","")))} | X14: {=IF(OR(Formulas!Y11=0,Formulas!Y11="",RIGHT(Formulas!Z11)="0"),"", HYPERLINK("["&Archivo_Nombre&"]Datos!"&LEFT(SUBSTITUTE(ADDRESS(1,RIGHT(Formulas!Z11)+2),"$",""))&Formulas!X11+1, IFERROR(INDEX(Datos!$A$2:$L$101,Formulas!X11,RIGHT(Formulas!Z11)+2),"")))} | Y14: {=IF(OR(Formulas!Z12=0,Formulas!Z12=""),"",HYPERLINK("["&Archivo_Nombre&"]Datos!"&LEFT(SUBSTITUTE(ADDRESS(1,Formulas!Z12+2),"$",""))&Formulas!Y12+1, IFERROR(INDEX(Datos!$A$2:$L$101,Formulas!Y12,Formulas!Z12+2),"")))} | AB14: {=IF(OR(Formulas!AD11=0,Formulas!AD11="",RIGHT(Formulas!AE11)="0"),"", HYPERLINK("["&Archivo_Nombre&"]Datos!"&LEFT(SUBSTITUTE(ADDRESS(1,IF(Formulas!AD11=1,1,RIGHT(Formulas!AE11)+2)),"$",""))&Formulas!AC11+1, IFERROR(INDEX(Datos!$A$1:$L$1,1,RIGHT(Formulas!AE11)+2)&IF(Formulas!AD11=1," "&Formulas!AC11,"")&":","")))} | AC14: {=IF(OR(Formulas!AD11=0,Formulas!AD11="",RIGHT(Formulas!AE11)="0"),"", HYPERLINK("["&Archivo_Nombre&"]Datos!"&LEFT(SUBSTITUTE(ADDRESS(1,RIGHT(Formulas!AE11)+2),"$",""))&Formulas!AC11+1, IFERROR(INDEX(Datos!$A$2:$L$101,Formulas!AC11,RIGHT(Formulas!AE11)+2),"")))} | AD14: {=IF(OR(Formulas!AE12=0,Formulas!AE12=""),"",HYPERLINK("["&Archivo_Nombre&"]Datos!"&LEFT(SUBSTITUTE(ADDRESS(1,Formulas!AE12+2),"$",""))&Formulas!AD12+1, IFERROR(INDEX(Datos!$A$2:$L$101,Formulas!AD12,Formulas!AE12+2),"")))} | AG14: {=IF(OR(Formulas!AI11=0,Formulas!AI11="",RIGHT(Formulas!AJ11)="0"),"", HYPERLINK("["&Archivo_Nombre&"]Datos!"&LEFT(SUBSTITUTE(ADDRESS(1,IF(Formulas!AI11=1,1,RIGHT(Formulas!AJ11)+2)),"$",""))&Formulas!AH11+1, IFERROR(INDEX(Datos!$A$1:$L$1,1,RIGHT(Formulas!AJ11)+2)&IF(Formulas!AI11=1," "&Formulas!AH11,"")&":","")))} | AH14: {=IF(OR(Formulas!AI11=0,Formulas!AI11="",RIGHT(Formulas!AJ11)="0"),"", HYPERLINK("["&Archivo_Nombre&"]Datos!"&LEFT(SUBSTITUTE(ADDRESS(1,RIGHT(Formulas!AJ11)+2),"$",""))&Formulas!AH11+1, IFERROR(INDEX(Datos!$A$2:$L$101,Formulas!AH11,RIGHT(Formulas!AJ11)+2),"")))} | AI14: {=IF(OR(Formulas!AJ12=0,Formulas!AJ12=""),"",HYPERLINK("["&Archivo_Nombre&"]Datos!"&LEFT(SUBSTITUTE(ADDRESS(1,Formulas!AJ12+2),"$",""))&Formulas!AI12+1, IFERROR(INDEX(Datos!$A$2:$L$101,Formulas!AI12,Formulas!AJ12+2),"")))} | AL14: {=IF(OR(Formulas!AN11=0,Formulas!AN11="",RIGHT(Formulas!AO11)="0"),"", HYPERLINK("["&Archivo_Nombre&"]Datos!"&LEFT(SUBSTITUTE(ADDRESS(1,IF(Formulas!AN11=1,1,RIGHT(Formulas!AO11)+2)),"$",""))&Formulas!AM11+1, IFERROR(INDEX(Datos!$A$1:$L$1,1,RIGHT(Formulas!AO11)+2)&IF(Formulas!AN11=1," "&Formulas!AM11,"")&":","")))} | AM14: {=IF(OR(Formulas!AN11=0,Formulas!AN11="",RIGHT(Formulas!AO11)="0"),"", HYPERLINK("["&Archivo_Nombre&"]Datos!"&LEFT(SUBSTITUTE(ADDRESS(1,RIGHT(Formulas!AO11)+2),"$",""))&Formulas!AM11+1, IFERROR(INDEX(Datos!$A$2:$L$101,Formulas!AM11,RIGHT(Formulas!AO11)+2),"")))} | AN14: {=IF(OR(Formulas!AO12=0,Formulas!AO12=""),"",HYPERLINK("["&Archivo_Nombre&"]Datos!"&LEFT(SUBSTITUTE(ADDRESS(1,Formulas!AO12+2),"$",""))&Formulas!AN12+1, IFERROR(INDEX(Datos!$A$2:$L$101,Formulas!AN12,Formulas!AO12+2),"")))} | AQ14: {=IF(OR(Formulas!AS11=0,Formulas!AS11="",RIGHT(Formulas!AT11)="0"),"", HYPERLINK("["&Archivo_Nombre&"]Datos!"&LEFT(SUBSTITUTE(ADDRESS(1,IF(Formulas!AS11=1,1,RIGHT(Formulas!AT11)+2)),"$",""))&Formulas!AR11+1, IFERROR(INDEX(Datos!$A$1:$L$1,1,RIGHT(Formulas!AT11)+2)&IF(Formulas!AS11=1," "&Formulas!AR11,"")&":","")))} | AR14: {=IF(OR(Formulas!AS11=0,Formulas!AS11="",RIGHT(Formulas!AT11)="0"),"", HYPERLINK("["&Archivo_Nombre&"]Datos!"&LEFT(SUBSTITUTE(ADDRESS(1,RIGHT(Formulas!AT11)+2),"$",""))&Formulas!AR11+1, IFERROR(INDEX(Datos!$A$2:$L$101,Formulas!AR11,RIGHT(Formulas!AT11)+2),"")))} | AS14: {=IF(OR(Formulas!AT12=0,Formulas!AT12=""),"",HYPERLINK("["&Archivo_Nombre&"]Datos!"&LEFT(SUBSTITUTE(ADDRESS(1,Formulas!AT12+2),"$",""))&Formulas!AS12+1, IFERROR(INDEX(Datos!$A$2:$L$101,Formulas!AS12,Formulas!AT12+2),"")))} | AV14: {=IF(OR(Formulas!AX11=0,Formulas!AX11="",RIGHT(Formulas!AY11)="0"),"", HYPERLINK("["&Archivo_Nombre&"]Datos!"&LEFT(SUBSTITUTE(ADDRESS(1,IF(Formulas!AX11=1,1,RIGHT(Formulas!AY11)+2)),"$",""))&Formulas!AW11+1, IFERROR(INDEX(Datos!$A$1:$L$1,1,RIGHT(Formulas!AY11)+2)&IF(Formulas!AX11=1," "&Formulas!AW11,"")&":","")))} | AW14: {=IF(OR(Formulas!AX11=0,Formulas!AX11="",RIGHT(Formulas!AY11)="0"),"", HYPERLINK("["&Archivo_Nombre&"]Datos!"&LEFT(SUBSTITUTE(ADDRESS(1,RIGHT(Formulas!AY11)+2),"$",""))&Formulas!AW11+1, IFERROR(INDEX(Datos!$A$2:$L$101,Formulas!AW11,RIGHT(Formulas!AY11)+2),"")))} | AX14: {=IF(OR(Formulas!AY12=0,Formulas!AY12=""),"",HYPERLINK("["&Archivo_Nombre&"]Datos!"&LEFT(SUBSTITUTE(ADDRESS(1,Formulas!AY12+2),"$",""))&Formulas!AX12+1, IFERROR(INDEX(Datos!$A$2:$L$101,Formulas!AX12,Formulas!AY12+2),"")))}
C15: {=IF(OR(Formulas!E12=0,Formulas!E12="",RIGHT(Formulas!F12)="0"),"", HYPERLINK("["&Archivo_Nombre&"]Datos!"&LEFT(SUBSTITUTE(ADDRESS(1,IF(Formulas!E12=1,1,RIGHT(Formulas!F12)+2)),"$",""))&Formulas!D12+1, IFERROR(INDEX(Datos!$A$1:$L$1,1,RIGHT(Formulas!F12)+2)&IF(Formulas!E12=1," "&Formulas!D12,"")&":","")))} | D15: {=IF(OR(Formulas!E12=0,Formulas!E12="",RIGHT(Formulas!F12)="0"),"", HYPERLINK("["&Archivo_Nombre&"]Datos!"&LEFT(SUBSTITUTE(ADDRESS(1,RIGHT(Formulas!F12)+2),"$",""))&Formulas!D12+1, IFERROR(INDEX(Datos!$A$2:$L$101,Formulas!D12,RIGHT(Formulas!F12)+2),"")))} | E15: {=IF(OR(Formulas!F13=0,Formulas!F13=""),"",HYPERLINK("["&Archivo_Nombre&"]Datos!"&LEFT(SUBSTITUTE(ADDRESS(1,Formulas!F13+2),"$",""))&Formulas!E13+1, IFERROR(INDEX(Datos!$A$2:$L$101,Formulas!E13,Formulas!F13+2),"")))} | H15: {=IF(OR(Formulas!J12=0,Formulas!J12="",RIGHT(Formulas!K12)="0"),"", HYPERLINK("["&Archivo_Nombre&"]Datos!"&LEFT(SUBSTITUTE(ADDRESS(1,IF(Formulas!J12=1,1,RIGHT(Formulas!K12)+2)),"$",""))&Formulas!I12+1, IFERROR(INDEX(Datos!$A$1:$L$1,1,RIGHT(Formulas!K12)+2)&IF(Formulas!J12=1," "&Formulas!I12,"")&":","")))} | I15: {=IF(OR(Formulas!J12=0,Formulas!J12="",RIGHT(Formulas!K12)="0"),"", HYPERLINK("["&Archivo_Nombre&"]Datos!"&LEFT(SUBSTITUTE(ADDRESS(1,RIGHT(Formulas!K12)+2),"$",""))&Formulas!I12+1, IFERROR(INDEX(Datos!$A$2:$L$101,Formulas!I12,RIGHT(Formulas!K12)+2),"")))} | J15: {=IF(OR(Formulas!K13=0,Formulas!K13=""),"",HYPERLINK("["&Archivo_Nombre&"]Datos!"&LEFT(SUBSTITUTE(ADDRESS(1,Formulas!K13+2),"$",""))&Formulas!J13+1, IFERROR(INDEX(Datos!$A$2:$L$101,Formulas!J13,Formulas!K13+2),"")))} -> #VALUE! | M15: {=IF(OR(Formulas!O12=0,Formulas!O12="",RIGHT(Formulas!P12)="0"),"", HYPERLINK("["&Archivo_Nombre&"]Datos!"&LEFT(SUBSTITUTE(ADDRESS(1,IF(Formulas!O12=1,1,RIGHT(Formulas!P12)+2)),"$",""))&Formulas!N12+1, IFERROR(INDEX(Datos!$A$1:$L$1,1,RIGHT(Formulas!P12)+2)&IF(Formulas!O12=1," "&Formulas!N12,"")&":","")))} | N15: {=IF(OR(Formulas!O12=0,Formulas!O12="",RIGHT(Formulas!P12)="0"),"", HYPERLINK("["&Archivo_Nombre&"]Datos!"&LEFT(SUBSTITUTE(ADDRESS(1,RIGHT(Formulas!P12)+2),"$",""))&Formulas!N12+1, IFERROR(INDEX(Datos!$A$2:$L$101,Formulas!N12,RIGHT(Formulas!P12)+2),"")))} | O15: {=IF(OR(Formulas!P13=0,Formulas!P13=""),"",HYPERLINK("["&Archivo_Nombre&"]Datos!"&LEFT(SUBSTITUTE(ADDRESS(1,Formulas!P13+2),"$",""))&Formulas!O13+1, IFERROR(INDEX(Datos!$A$2:$L$101,Formulas!O13,Formulas!P13+2),"")))} | R15: {=IF(OR(Formulas!T12=0,Formulas!T12="",RIGHT(Formulas!U12)="0"),"", HYPERLINK("["&Archivo_Nombre&"]Datos!"&LEFT(SUBSTITUTE(ADDRESS(1,IF(Formulas!T12=1,1,RIGHT(Formulas!U12)+2)),"$",""))&Formulas!S12+1, IFERROR(INDEX(Datos!$A$1:$L$1,1,RIGHT(Formulas!U12)+2)&IF(Formulas!T12=1," "&Formulas!S12,"")&":","")))} | S15: {=IF(OR(Formulas!T12=0,Formulas!T12="",RIGHT(Formulas!U12)="0"),"", HYPERLINK("["&Archivo_Nombre&"]Datos!"&LEFT(SUBSTITUTE(ADDRESS(1,RIGHT(Formulas!U12)+2),"$",""))&Formulas!S12+1, IFERROR(INDEX(Datos!$A$2:$L$101,Formulas!S12,RIGHT(Formulas!U12)+2),"")))} | T15: {=IF(OR(Formulas!U13=0,Formulas!U13=""),"",HYPERLINK("["&Archivo_Nombre&"]Datos!"&LEFT(SUBSTITUTE(ADDRESS(1,Formulas!U13+2),"$",""))&Formulas!T13+1, IFERROR(INDEX(Datos!$A$2:$L$101,Formulas!T13,Formulas!U13+2),"")))} -> #VALUE! | W15: {=IF(OR(Formulas!Y12=0,Formulas!Y12="",RIGHT(Formulas!Z12)="0"),"", HYPERLINK("["&Archivo_Nombre&"]Datos!"&LEFT(SUBSTITUTE(ADDRESS(1,IF(Formulas!Y12=1,1,RIGHT(Formulas!Z12)+2)),"$",""))&Formulas!X12+1, IFERROR(INDEX(Datos!$A$1:$L$1,1,RIGHT(Formulas!Z12)+2)&IF(Formulas!Y12=1," "&Formulas!X12,"")&":","")))} | X15: {=IF(OR(Formulas!Y12=0,Formulas!Y12="",RIGHT(Formulas!Z12)="0"),"", HYPERLINK("["&Archivo_Nombre&"]Datos!"&LEFT(SUBSTITUTE(ADDRESS(1,RIGHT(Formulas!Z12)+2),"$",""))&Formulas!X12+1, IFERROR(INDEX(Datos!$A$2:$L$101,Formulas!X12,RIGHT(Formulas!Z12)+2),"")))} | Y15: {=IF(OR(Formulas!Z13=0,Formulas!Z13=""),"",HYPERLINK("["&Archivo_Nombre&"]Datos!"&LEFT(SUBSTITUTE(ADDRESS(1,Formulas!Z13+2),"$",""))&Formulas!Y13+1, IFERROR(INDEX(Datos!$A$2:$L$101,Formulas!Y13,Formulas!Z13+2),"")))} | AB15: {=IF(OR(Formulas!AD12=0,Formulas!AD12="",RIGHT(Formulas!AE12)="0"),"", HYPERLINK("["&Archivo_Nombre&"]Datos!"&LEFT(SUBSTITUTE(ADDRESS(1,IF(Formulas!AD12=1,1,RIGHT(Formulas!AE12)+2)),"$",""))&Formulas!AC12+1, IFERROR(INDEX(Datos!$A$1:$L$1,1,RIGHT(Formulas!AE12)+2)&IF(Formulas!AD12=1," "&Formulas!AC12,"")&":","")))} | AC15: {=IF(OR(Formulas!AD12=0,Formulas!AD12="",RIGHT(Formulas!AE12)="0"),"", HYPERLINK("["&Archivo_Nombre&"]Datos!"&LEFT(SUBSTITUTE(ADDRESS(1,RIGHT(Formulas!AE12)+2),"$",""))&Formulas!AC12+1, IFERROR(INDEX(Datos!$A$2:$L$101,Formulas!AC12,RIGHT(Formulas!AE12)+2),"")))} | AD15: {=IF(OR(Formulas!AE13=0,Formulas!AE13=""),"",HYPERLINK("["&Archivo_Nombre&"]Datos!"&LEFT(SUBSTITUTE(ADDRESS(1,Formulas!AE13+2),"$",""))&Formulas!AD13+1, IFERROR(INDEX(Datos!$A$2:$L$101,Formulas!AD13,Formulas!AE13+2),"")))} | AG15: {=IF(OR(Formulas!AI12=0,Formulas!AI12="",RIGHT(Formulas!AJ12)="0"),"", HYPERLINK("["&Archivo_Nombre&"]Datos!"&LEFT(SUBSTITUTE(ADDRESS(1,IF(Formulas!AI12=1,1,RIGHT(Formulas!AJ12)+2)),"$",""))&Formulas!AH12+1, IFERROR(INDEX(Datos!$A$1:$L$1,1,RIGHT(Formulas!AJ12)+2)&IF(Formulas!AI12=1," "&Formulas!AH12,"")&":","")))} | AH15: {=IF(OR(Formulas!AI12=0,Formulas!AI12="",RIGHT(Formulas!AJ12)="0"),"", HYPERLINK("["&Archivo_Nombre&"]Datos!"&LEFT(SUBSTITUTE(ADDRESS(1,RIGHT(Formulas!AJ12)+2),"$",""))&Formulas!AH12+1, IFERROR(INDEX(Datos!$A$2:$L$101,Formulas!AH12,RIGHT(Formulas!AJ12)+2),"")))} | AI15: {=IF(OR(Formulas!AJ13=0,Formulas!AJ13=""),"",HYPERLINK("["&Archivo_Nombre&"]Datos!"&LEFT(SUBSTITUTE(ADDRESS(1,Formulas!AJ13+2),"$",""))&Formulas!AI13+1, IFERROR(INDEX(Datos!$A$2:$L$101,Formulas!AI13,Formulas!AJ13+2),"")))} | AL15: {=IF(OR(Formulas!AN12=0,Formulas!AN12="",RIGHT(Formulas!AO12)="0"),"", HYPERLINK("["&Archivo_Nombre&"]Datos!"&LEFT(SUBSTITUTE(ADDRESS(1,IF(Formulas!AN12=1,1,RIGHT(Formulas!AO12)+2)),"$",""))&Formulas!AM12+1, IFERROR(INDEX(Datos!$A$1:$L$1,1,RIGHT(Formulas!AO12)+2)&IF(Formulas!AN12=1," "&Formulas!AM12,"")&":","")))} | AM15: {=IF(OR(Formulas!AN12=0,Formulas!AN12="",RIGHT(Formulas!AO12)="0"),"", HYPERLINK("["&Archivo_Nombre&"]Datos!"&LEFT(SUBSTITUTE(ADDRESS(1,RIGHT(Formulas!AO12)+2),"$",""))&Formulas!AM12+1, IFERROR(INDEX(Datos!$A$2:$L$101,Formulas!AM12,RIGHT(Formulas!AO12)+2),"")))} | AN15: {=IF(OR(Formulas!AO13=0,Formulas!AO13=""),"",HYPERLINK("["&Archivo_Nombre&"]Datos!"&LEFT(SUBSTITUTE(ADDRESS(1,Formulas!AO13+2),"$",""))&Formulas!AN13+1, IFERROR(INDEX(Datos!$A$2:$L$101,Formulas!AN13,Formulas!AO13+2),"")))} | AQ15: {=IF(OR(Formulas!AS12=0,Formulas!AS12="",RIGHT(Formulas!AT12)="0"),"", HYPERLINK("["&Archivo_Nombre&"]Datos!"&LEFT(SUBSTITUTE(ADDRESS(1,IF(Formulas!AS12=1,1,RIGHT(Formulas!AT12)+2)),"$",""))&Formulas!AR12+1, IFERROR(INDEX(Datos!$A$1:$L$1,1,RIGHT(Formulas!AT12)+2)&IF(Formulas!AS12=1," "&Formulas!AR12,"")&":","")))} | AR15: {=IF(OR(Formulas!AS12=0,Formulas!AS12="",RIGHT(Formulas!AT12)="0"),"", HYPERLINK("["&Archivo_Nombre&"]Datos!"&LEFT(SUBSTITUTE(ADDRESS(1,RIGHT(Formulas!AT12)+2),"$",""))&Formulas!AR12+1, IFERROR(INDEX(Datos!$A$2:$L$101,Formulas!AR12,RIGHT(Formulas!AT12)+2),"")))} | AS15: {=IF(OR(Formulas!AT13=0,Formulas!AT13=""),"",HYPERLINK("["&Archivo_Nombre&"]Datos!"&LEFT(SUBSTITUTE(ADDRESS(1,Formulas!AT13+2),"$",""))&Formulas!AS13+1, IFERROR(INDEX(Datos!$A$2:$L$101,Formulas!AS13,Formulas!AT13+2),"")))} | AV15: {=IF(OR(Formulas!AX12=0,Formulas!AX12="",RIGHT(Formulas!AY12)="0"),"", HYPERLINK("["&Archivo_Nombre&"]Datos!"&LEFT(SUBSTITUTE(ADDRESS(1,IF(Formulas!AX12=1,1,RIGHT(Formulas!AY12)+2)),"$",""))&Formulas!AW12+1, IFERROR(INDEX(Datos!$A$1:$L$1,1,RIGHT(Formulas!AY12)+2)&IF(Formulas!AX12=1," "&Formulas!AW12,"")&":","")))} | AW15: {=IF(OR(Formulas!AX12=0,Formulas!AX12="",RIGHT(Formulas!AY12)="0"),"", HYPERLINK("["&Archivo_Nombre&"]Datos!"&LEFT(SUBSTITUTE(ADDRESS(1,RIGHT(Formulas!AY12)+2),"$",""))&Formulas!AW12+1, IFERROR(INDEX(Datos!$A$2:$L$101,Formulas!AW12,RIGHT(Formulas!AY12)+2),"")))} | AX15: {=IF(OR(Formulas!AY13=0,Formulas!AY13=""),"",HYPERLINK("["&Archivo_Nombre&"]Datos!"&LEFT(SUBSTITUTE(ADDRESS(1,Formulas!AY13+2),"$",""))&Formulas!AX13+1, IFERROR(INDEX(Datos!$A$2:$L$101,Formulas!AX13,Formulas!AY13+2),"")))}
C16: {=IF(OR(Formulas!E13=0,Formulas!E13="",RIGHT(Formulas!F13)="0"),"", HYPERLINK("["&Archivo_Nombre&"]Datos!"&LEFT(SUBSTITUTE(ADDRESS(1,IF(Formulas!E13=1,1,RIGHT(Formulas!F13)+2)),"$",""))&Formulas!D13+1, IFERROR(INDEX(Datos!$A$1:$L$1,1,RIGHT(Formulas!F13)+2)&IF(Formulas!E13=1," "&Formulas!D13,"")&":","")))} | D16: {=IF(OR(Formulas!E13=0,Formulas!E13="",RIGHT(Formulas!F13)="0"),"", HYPERLINK("["&Archivo_Nombre&"]Datos!"&LEFT(SUBSTITUTE(ADDRESS(1,RIGHT(Formulas!F13)+2),"$",""))&Formulas!D13+1, IFERROR(INDEX(Datos!$A$2:$L$101,Formulas!D13,RIGHT(Formulas!F13)+2),"")))} | E16: {=IF(OR(Formulas!F14=0,Formulas!F14=""),"",HYPERLINK("["&Archivo_Nombre&"]Datos!"&LEFT(SUBSTITUTE(ADDRESS(1,Formulas!F14+2),"$",""))&Formulas!E14+1, IFERROR(INDEX(Datos!$A$2:$L$101,Formulas!E14,Formulas!F14+2),"")))} | H16: {=IF(OR(Formulas!J13=0,Formulas!J13="",RIGHT(Formulas!K13)="0"),"", HYPERLINK("["&Archivo_Nombre&"]Datos!"&LEFT(SUBSTITUTE(ADDRESS(1,IF(Formulas!J13=1,1,RIGHT(Formulas!K13)+2)),"$",""))&Formulas!I13+1, IFERROR(INDEX(Datos!$A$1:$L$1,1,RIGHT(Formulas!K13)+2)&IF(Formulas!J13=1," "&Formulas!I13,"")&":","")))} -> ORDEN PCRONOLOGICO 32: | I16: {=IF(OR(Formulas!J13=0,Formulas!J13="",RIGHT(Formulas!K13)="0"),"", HYPERLINK("["&Archivo_Nombre&"]Datos!"&LEFT(SUBSTITUTE(ADDRESS(1,RIGHT(Formulas!K13)+2),"$",""))&Formulas!I13+1, IFERROR(INDEX(Datos!$A$2:$L$101,Formulas!I13,RIGHT(Formulas!K13)+2),"")))} -> 0 | J16: {=IF(OR(Formulas!K14=0,Formulas!K14=""),"",HYPERLINK("["&Archivo_Nombre&"]Datos!"&LEFT(SUBSTITUTE(ADDRESS(1,Formulas!K14+2),"$",""))&Formulas!J14+1, IFERROR(INDEX(Datos!$A$2:$L$101,Formulas!J14,Formulas!K14+2),"")))} -> #VALUE! | M16: {=IF(OR(Formulas!O13=0,Formulas!O13="",RIGHT(Formulas!P13)="0"),"", HYPERLINK("["&Archivo_Nombre&"]Datos!"&LEFT(SUBSTITUTE(ADDRESS(1,IF(Formulas!O13=1,1,RIGHT(Formulas!P13)+2)),"$",""))&Formulas!N13+1, IFERROR(INDEX(Datos!$A$1:$L$1,1,RIGHT(Formulas!P13)+2)&IF(Formulas!O13=1," "&Formulas!N13,"")&":","")))} | N16: {=IF(OR(Formulas!O13=0,Formulas!O13="",RIGHT(Formulas!P13)="0"),"", HYPERLINK("["&Archivo_Nombre&"]Datos!"&LEFT(SUBSTITUTE(ADDRESS(1,RIGHT(Formulas!P13)+2),"$",""))&Formulas!N13+1, IFERROR(INDEX(Datos!$A$2:$L$101,Formulas!N13,RIGHT(Formulas!P13)+2),"")))} | O16: {=IF(OR(Formulas!P14=0,Formulas!P14=""),"",HYPERLINK("["&Archivo_Nombre&"]Datos!"&LEFT(SUBSTITUTE(ADDRESS(1,Formulas!P14+2),"$",""))&Formulas!O14+1, IFERROR(INDEX(Datos!$A$2:$L$101,Formulas!O14,Formulas!P14+2),"")))} | R16: {=IF(OR(Formulas!T13=0,Formulas!T13="",RIGHT(Formulas!U13)="0"),"", HYPERLINK("["&Archivo_Nombre&"]Datos!"&LEFT(SUBSTITUTE(ADDRESS(1,IF(Formulas!T13=1,1,RIGHT(Formulas!U13)+2)),"$",""))&Formulas!S13+1, IFERROR(INDEX(Datos!$A$1:$L$1,1,RIGHT(Formulas!U13)+2)&IF(Formulas!T13=1," "&Formulas!S13,"")&":","")))} -> ORDEN PCRONOLOGICO 28: | S16: {=IF(OR(Formulas!T13=0,Formulas!T13="",RIGHT(Formulas!U13)="0"),"", HYPERLINK("["&Archivo_Nombre&"]Datos!"&LEFT(SUBSTITUTE(ADDRESS(1,RIGHT(Formulas!U13)+2),"$",""))&Formulas!S13+1, IFERROR(INDEX(Datos!$A$2:$L$101,Formulas!S13,RIGHT(Formulas!U13)+2),"")))} -> 28 | T16: {=IF(OR(Formulas!U14=0,Formulas!U14=""),"",HYPERLINK("["&Archivo_Nombre&"]Datos!"&LEFT(SUBSTITUTE(ADDRESS(1,Formulas!U14+2),"$",""))&Formulas!T14+1, IFERROR(INDEX(Datos!$A$2:$L$101,Formulas!T14,Formulas!U14+2),"")))} -> #VALUE! | W16: {=IF(OR(Formulas!Y13=0,Formulas!Y13="",RIGHT(Formulas!Z13)="0"),"", HYPERLINK("["&Archivo_Nombre&"]Datos!"&LEFT(SUBSTITUTE(ADDRESS(1,IF(Formulas!Y13=1,1,RIGHT(Formulas!Z13)+2)),"$",""))&Formulas!X13+1, IFERROR(INDEX(Datos!$A$1:$L$1,1,RIGHT(Formulas!Z13)+2)&IF(Formulas!Y13=1," "&Formulas!X13,"")&":","")))} | X16: {=IF(OR(Formulas!Y13=0,Formulas!Y13="",RIGHT(Formulas!Z13)="0"),"", HYPERLINK("["&Archivo_Nombre&"]Datos!"&LEFT(SUBSTITUTE(ADDRESS(1,RIGHT(Formulas!Z13)+2),"$",""))&Formulas!X13+1, IFERROR(INDEX(Datos!$A$2:$L$101,Formulas!X13,RIGHT(Formulas!Z13)+2),"")))} | Y16: {=IF(OR(Formulas!Z14=0,Formulas!Z14=""),"",HYPERLINK("["&Archivo_Nombre&"]Datos!"&LEFT(SUBSTITUTE(ADDRESS(1,Formulas!Z14+2),"$",""))&Formulas!Y14+1, IFERROR(INDEX(Datos!$A$2:$L$101,Formulas!Y14,Formulas!Z14+2),"")))} | AB16: {=IF(OR(Formulas!AD13=0,Formulas!AD13="",RIGHT(Formulas!AE13)="0"),"", HYPERLINK("["&Archivo_Nombre&"]Datos!"&LEFT(SUBSTITUTE(ADDRESS(1,IF(Formulas!AD13=1,1,RIGHT(Formulas!AE13)+2)),"$",""))&Formulas!AC13+1, IFERROR(INDEX(Datos!$A$1:$L$1,1,RIGHT(Formulas!AE13)+2)&IF(Formulas!AD13=1," "&Formulas!AC13,"")&":","")))} | AC16: {=IF(OR(Formulas!AD13=0,Formulas!AD13="",RIGHT(Formulas!AE13)="0"),"", HYPERLINK("["&Archivo_Nombre&"]Datos!"&LEFT(SUBSTITUTE(ADDRESS(1,RIGHT(Formulas!AE13)+2),"$",""))&Formulas!AC13+1, IFERROR(INDEX(Datos!$A$2:$L$101,Formulas!AC13,RIGHT(Formulas!AE13)+2),"")))} | AD16: {=IF(OR(Formulas!AE14=0,Formulas!AE14=""),"",HYPERLINK("["&Archivo_Nombre&"]Datos!"&LEFT(SUBSTITUTE(ADDRESS(1,Formulas!AE14+2),"$",""))&Formulas!AD14+1, IFERROR(INDEX(Datos!$A$2:$L$101,Formulas!AD14,Formulas!AE14+2),"")))} | AG16: {=IF(OR(Formulas!AI13=0,Formulas!AI13="",RIGHT(Formulas!AJ13)="0"),"", HYPERLINK("["&Archivo_Nombre&"]Datos!"&LEFT(SUBSTITUTE(ADDRESS(1,IF(Formulas!AI13=1,1,RIGHT(Formulas!AJ13)+2)),"$",""))&Formulas!AH13+1, IFERROR(INDEX(Datos!$A$1:$L$1,1,RIGHT(Formulas!AJ13)+2)&IF(Formulas!AI13=1," "&Formulas!AH13,"")&":","")))} | AH16: {=IF(OR(Formulas!AI13=0,Formulas!AI13="",RIGHT(Formulas!AJ13)="0"),"", HYPERLINK("["&Archivo_Nombre&"]Datos!"&LEFT(SUBSTITUTE(ADDRESS(1,RIGHT(Formulas!AJ13)+2),"$",""))&Formulas!AH13+1, IFERROR(INDEX(Datos!$A$2:$L$101,Formulas!AH13,RIGHT(Formulas!AJ13)+2),"")))} | AI16: {=IF(OR(Formulas!AJ14=0,Formulas!AJ14=""),"",HYPERLINK("["&Archivo_Nombre&"]Datos!"&LEFT(SUBSTITUTE(ADDRESS(1,Formulas!AJ14+2),"$",""))&Formulas!AI14+1, IFERROR(INDEX(Datos!$A$2:$L$101,Formulas!AI14,Formulas!AJ14+2),"")))} | AL16: {=IF(OR(Formulas!AN13=0,Formulas!AN13="",RIGHT(Formulas!AO13)="0"),"", HYPERLINK("["&Archivo_Nombre&"]Datos!"&LEFT(SUBSTITUTE(ADDRESS(1,IF(Formulas!AN13=1,1,RIGHT(Formulas!AO13)+2)),"$",""))&Formulas!AM13+1, IFERROR(INDEX(Datos!$A$1:$L$1,1,RIGHT(Formulas!AO13)+2)&IF(Formulas!AN13=1," "&Formulas!AM13,"")&":","")))} | AM16: {=IF(OR(Formulas!AN13=0,Formulas!AN13="",RIGHT(Formulas!AO13)="0"),"", HYPERLINK("["&Archivo_Nombre&"]Datos!"&LEFT(SUBSTITUTE(ADDRESS(1,RIGHT(Formulas!AO13)+2),"$",""))&Formulas!AM13+1, IFERROR(INDEX(Datos!$A$2:$L$101,Formulas!AM13,RIGHT(Formulas!AO13)+2),"")))} | AN16: {=IF(OR(Formulas!AO14=0,Formulas!AO14=""),"",HYPERLINK("["&Archivo_Nombre&"]Datos!"&LEFT(SUBSTITUTE(ADDRESS(1,Formulas!AO14+2),"$",""))&Formulas!AN14+1, IFERROR(INDEX(Datos!$A$2:$L$101,Formulas!AN14,Formulas!AO14+2),"")))} | AQ16: {=IF(OR(Formulas!AS13=0,Formulas!AS13="",RIGHT(Formulas!AT13)="0"),"", HYPERLINK("["&Archivo_Nombre&"]Datos!"&LEFT(SUBSTITUTE(ADDRESS(1,IF(Formulas!AS13=1,1,RIGHT(Formulas!AT13)+2)),"$",""))&Formulas!AR13+1, IFERROR(INDEX(Datos!$A$1:$L$1,1,RIGHT(Formulas!AT13)+2)&IF(Formulas!AS13=1," "&Formulas!AR13,"")&":","")))} | AR16: {=IF(OR(Formulas!AS13=0,Formulas!AS13="",RIGHT(Formulas!AT13)="0"),"", HYPERLINK("["&Archivo_Nombre&"]Datos!"&LEFT(SUBSTITUTE(ADDRESS(1,RIGHT(Formulas!AT13)+2),"$",""))&Formulas!AR13+1, IFERROR(INDEX(Datos!$A$2:$L$101,Formulas!AR13,RIGHT(Formulas!AT13)+2),"")))} | AS16: {=IF(OR(Formulas!AT14=0,Formulas!AT14=""),"",HYPERLINK("["&Archivo_Nombre&"]Datos!"&LEFT(SUBSTITUTE(ADDRESS(1,Formulas!AT14+2),"$",""))&Formulas!AS14+1, IFERROR(INDEX(Datos!$A$2:$L$101,Formulas!AS14,Formulas!AT14+2),"")))} | AV16: {=IF(OR(Formulas!AX13=0,Formulas!AX13="",RIGHT(Formulas!AY13)="0"),"", HYPERLINK("["&Archivo_Nombre&"]Datos!"&LEFT(SUBSTITUTE(ADDRESS(1,IF(Formulas!AX13=1,1,RIGHT(Formulas!AY13)+2)),"$",""))&Formulas!AW13+1, IFERROR(INDEX(Datos!$A$1:$L$1,1,RIGHT(Formulas!AY13)+2)&IF(Formulas!AX13=1," "&Formulas!AW13,"")&":","")))} | AW16: {=IF(OR(Formulas!AX13=0,Formulas!AX13="",RIGHT(Formulas!AY13)="0"),"", HYPERLINK("["&Archivo_Nombre&"]Datos!"&LEFT(SUBSTITUTE(ADDRESS(1,RIGHT(Formulas!AY13)+2),"$",""))&Formulas!AW13+1, IFERROR(INDEX(Datos!$A$2:$L$101,Formulas!AW13,RIGHT(Formulas!AY13)+2),"")))} | AX16: {=IF(OR(Formulas!AY14=0,Formulas!AY14=""),"",HYPERLINK("["&Archivo_Nombre&"]Datos!"&LEFT(SUBSTITUTE(ADDRESS(1,Formulas!AY14+2),"$",""))&Formulas!AX14+1, IFERROR(INDEX(Datos!$A$2:$L$101,Formulas!AX14,Formulas!AY14+2),"")))}
C17: {=IF(OR(Formulas!E14=0,Formulas!E14="",RIGHT(Formulas!F14)="0"),"", HYPERLINK("["&Archivo_Nombre&"]Datos!"&LEFT(SUBSTITUTE(ADDRESS(1,IF(Formulas!E14=1,1,RIGHT(Formulas!F14)+2)),"$",""))&Formulas!D14+1, IFERROR(INDEX(Datos!$A$1:$L$1,1,RIGHT(Formulas!F14)+2)&IF(Formulas!E14=1," "&Formulas!D14,"")&":","")))} | D17: {=IF(OR(Formulas!E14=0,Formulas!E14="",RIGHT(Formulas!F14)="0"),"", HYPERLINK("["&Archivo_Nombre&"]Datos!"&LEFT(SUBSTITUTE(ADDRESS(1,RIGHT(Formulas!F14)+2),"$",""))&Formulas!D14+1, IFERROR(INDEX(Datos!$A$2:$L$101,Formulas!D14,RIGHT(Formulas!F14)+2),"")))} | E17: {=IF(OR(Formulas!F15=0,Formulas!F15=""),"",HYPERLINK("["&Archivo_Nombre&"]Datos!"&LEFT(SUBSTITUTE(ADDRESS(1,Formulas!F15+2),"$",""))&Formulas!E15+1, IFERROR(INDEX(Datos!$A$2:$L$101,Formulas!E15,Formulas!F15+2),"")))} | H17: {=IF(OR(Formulas!J14=0,Formulas!J14="",RIGHT(Formulas!K14)="0"),"", HYPERLINK("["&Archivo_Nombre&"]Datos!"&LEFT(SUBSTITUTE(ADDRESS(1,IF(Formulas!J14=1,1,RIGHT(Formulas!K14)+2)),"$",""))&Formulas!I14+1, IFERROR(INDEX(Datos!$A$1:$L$1,1,RIGHT(Formulas!K14)+2)&IF(Formulas!J14=1," "&Formulas!I14,"")&":","")))} -> Tarea: | I17: {=IF(OR(Formulas!J14=0,Formulas!J14="",RIGHT(Formulas!K14)="0"),"", HYPERLINK("["&Archivo_Nombre&"]Datos!"&LEFT(SUBSTITUTE(ADDRESS(1,RIGHT(Formulas!K14)+2),"$",""))&Formulas!I14+1, IFERROR(INDEX(Datos!$A$2:$L$101,Formulas!I14,RIGHT(Formulas!K14)+2),"")))} -> REQ006 Creación de mensajes | J17: {=IF(OR(Formulas!K15=0,Formulas!K15=""),"",HYPERLINK("["&Archivo_Nombre&"]Datos!"&LEFT(SUBSTITUTE(ADDRESS(1,Formulas!K15+2),"$",""))&Formulas!J15+1, IFERROR(INDEX(Datos!$A$2:$L$101,Formulas!J15,Formulas!K15+2),"")))} -> #VALUE! | M17: {=IF(OR(Formulas!O14=0,Formulas!O14="",RIGHT(Formulas!P14)="0"),"", HYPERLINK("["&Archivo_Nombre&"]Datos!"&LEFT(SUBSTITUTE(ADDRESS(1,IF(Formulas!O14=1,1,RIGHT(Formulas!P14)+2)),"$",""))&Formulas!N14+1, IFERROR(INDEX(Datos!$A$1:$L$1,1,RIGHT(Formulas!P14)+2)&IF(Formulas!O14=1," "&Formulas!N14,"")&":","")))} | N17: {=IF(OR(Formulas!O14=0,Formulas!O14="",RIGHT(Formulas!P14)="0"),"", HYPERLINK("["&Archivo_Nombre&"]Datos!"&LEFT(SUBSTITUTE(ADDRESS(1,RIGHT(Formulas!P14)+2),"$",""))&Formulas!N14+1, IFERROR(INDEX(Datos!$A$2:$L$101,Formulas!N14,RIGHT(Formulas!P14)+2),"")))} | O17: {=IF(OR(Formulas!P15=0,Formulas!P15=""),"",HYPERLINK("["&Archivo_Nombre&"]Datos!"&LEFT(SUBSTITUTE(ADDRESS(1,Formulas!P15+2),"$",""))&Formulas!O15+1, IFERROR(INDEX(Datos!$A$2:$L$101,Formulas!O15,Formulas!P15+2),"")))} | R17: {=IF(OR(Formulas!T14=0,Formulas!T14="",RIGHT(Formulas!U14)="0"),"", HYPERLINK("["&Archivo_Nombre&"]Datos!"&LEFT(SUBSTITUTE(ADDRESS(1,IF(Formulas!T14=1,1,RIGHT(Formulas!U14)+2)),"$",""))&Formulas!S14+1, IFERROR(INDEX(Datos!$A$1:$L$1,1,RIGHT(Formulas!U14)+2)&IF(Formulas!T14=1," "&Formulas!S14,"")&":","")))} -> Tarea: | S17: {=IF(OR(Formulas!T14=0,Formulas!T14="",RIGHT(Formulas!U14)="0"),"", HYPERLINK("["&Archivo_Nombre&"]Datos!"&LEFT(SUBSTITUTE(ADDRESS(1,RIGHT(Formulas!U14)+2),"$",""))&Formulas!S14+1, IFERROR(INDEX(Datos!$A$2:$L$101,Formulas!S14,RIGHT(Formulas!U14)+2),"")))} -> Finalización del sprint 2 | T17: {=IF(OR(Formulas!U15=0,Formulas!U15=""),"",HYPERLINK("["&Archivo_Nombre&"]Datos!"&LEFT(SUBSTITUTE(ADDRESS(1,Formulas!U15+2),"$",""))&Formulas!T15+1, IFERROR(INDEX(Datos!$A$2:$L$101,Formulas!T15,Formulas!U15+2),"")))} -> #VALUE! | W17: {=IF(OR(Formulas!Y14=0,Formulas!Y14="",RIGHT(Formulas!Z14)="0"),"", HYPERLINK("["&Archivo_Nombre&"]Datos!"&LEFT(SUBSTITUTE(ADDRESS(1,IF(Formulas!Y14=1,1,RIGHT(Formulas!Z14)+2)),"$",""))&Formulas!X14+1, IFERROR(INDEX(Datos!$A$1:$L$1,1,RIGHT(Formulas!Z14)+2)&IF(Formulas!Y14=1," "&Formulas!X14,"")&":","")))} | X17: {=IF(OR(Formulas!Y14=0,Formulas!Y14="",RIGHT(Formulas!Z14)="0"),"", HYPERLINK("["&Archivo_Nombre&"]Datos!"&LEFT(SUBSTITUTE(ADDRESS(1,RIGHT(Formulas!Z14)+2),"$",""))&Formulas!X14+1, IFERROR(INDEX(Datos!$A$2:$L$101,Formulas!X14,RIGHT(Formulas!Z14)+2),"")))} | Y17: {=IF(OR(Formulas!Z15=0,Formulas!Z15=""),"",HYPERLINK("["&Archivo_Nombre&"]Datos!"&LEFT(SUBSTITUTE(ADDRESS(1,Formulas!Z15+2),"$",""))&Formulas!Y15+1, IFERROR(INDEX(Datos!$A$2:$L$101,Formulas!Y15,Formulas!Z15+2),"")))} | AB17: {=IF(OR(Formulas!AD14=0,Formulas!AD14="",RIGHT(Formulas!AE14)="0"),"", HYPERLINK("["&Archivo_Nombre&"]Datos!"&LEFT(SUBSTITUTE(ADDRESS(1,IF(Formulas!AD14=1,1,RIGHT(Formulas!AE14)+2)),"$",""))&Formulas!AC14+1, IFERROR(INDEX(Datos!$A$1:$L$1,1,RIGHT(Formulas!AE14)+2)&IF(Formulas!AD14=1," "&Formulas!AC14,"")&":","")))} | AC17: {=IF(OR(Formulas!AD14=0,Formulas!AD14="",RIGHT(Formulas!AE14)="0"),"", HYPERLINK("["&Archivo_Nombre&"]Datos!"&LEFT(SUBSTITUTE(ADDRESS(1,RIGHT(Formulas!AE14)+2),"$",""))&Formulas!AC14+1, IFERROR(INDEX(Datos!$A$2:$L$101,Formulas!AC14,RIGHT(Formulas!AE14)+2),"")))} | AD17: {=IF(OR(Formulas!AE15=0,Formulas!AE15=""),"",HYPERLINK("["&Archivo_Nombre&"]Datos!"&LEFT(SUBSTITUTE(ADDRESS(1,Formulas!AE15+2),"$",""))&Formulas!AD15+1, IFERROR(INDEX(Datos!$A$2:$L$101,Formulas!AD15,Formulas!AE15+2),"")))} | AG17: {=IF(OR(Formulas!AI14=0,Formulas!AI14="",RIGHT(Formulas!AJ14)="0"),"", HYPERLINK("["&Archivo_Nombre&"]Datos!"&LEFT(SUBSTITUTE(ADDRESS(1,IF(Formulas!AI14=1,1,RIGHT(Formulas!AJ14)+2)),"$",""))&Formulas!AH14+1, IFERROR(INDEX(Datos!$A$1:$L$1,1,RIGHT(Formulas!AJ14)+2)&IF(Formulas!AI14=1," "&Formulas!AH14,"")&":","")))} | AH17: {=IF(OR(Formulas!AI14=0,Formulas!AI14="",RIGHT(Formulas!AJ14)="0"),"", HYPERLINK("["&Archivo_Nombre&"]Datos!"&LEFT(SUBSTITUTE(ADDRESS(1,RIGHT(Formulas!AJ14)+2),"$",""))&Formulas!AH14+1, IFERROR(INDEX(Datos!$A$2:$L$101,Formulas!AH14,RIGHT(Formulas!AJ14)+2),"")))} | AI17: {=IF(OR(Formulas!AJ15=0,Formulas!AJ15=""),"",HYPERLINK("["&Archivo_Nombre&"]Datos!"&LEFT(SUBSTITUTE(ADDRESS(1,Formulas!AJ15+2),"$",""))&Formulas!AI15+1, IFERROR(INDEX(Datos!$A$2:$L$101,Formulas!AI15,Formulas!AJ15+2),"")))} | AL17: {=IF(OR(Formulas!AN14=0,Formulas!AN14="",RIGHT(Formulas!AO14)="0"),"", HYPERLINK("["&Archivo_Nombre&"]Datos!"&LEFT(SUBSTITUTE(ADDRESS(1,IF(Formulas!AN14=1,1,RIGHT(Formulas!AO14)+2)),"$",""))&Formulas!AM14+1, IFERROR(INDEX(Datos!$A$1:$L$1,1,RIGHT(Formulas!AO14)+2)&IF(Formulas!AN14=1," "&Formulas!AM14,"")&":","")))} | AM17: {=IF(OR(Formulas!AN14=0,Formulas!AN14="",RIGHT(Formulas!AO14)="0"),"", HYPERLINK("["&Archivo_Nombre&"]Datos!"&LEFT(SUBSTITUTE(ADDRESS(1,RIGHT(Formulas!AO14)+2),"$",""))&Formulas!AM14+1, IFERROR(INDEX(Datos!$A$2:$L$101,Formulas!AM14,RIGHT(Formulas!AO14)+2),"")))} | AN17: {=IF(OR(Formulas!AO15=0,Formulas!AO15=""),"",HYPERLINK("["&Archivo_Nombre&"]Datos!"&LEFT(SUBSTITUTE(ADDRESS(1,Formulas!AO15+2),"$",""))&Formulas!AN15+1, IFERROR(INDEX(Datos!$A$2:$L$101,Formulas!AN15,Formulas!AO15+2),"")))} | AQ17: {=IF(OR(Formulas!AS14=0,Formulas!AS14="",RIGHT(Formulas!AT14)="0"),"", HYPERLINK("["&Archivo_Nombre&"]Datos!"&LEFT(SUBSTITUTE(ADDRESS(1,IF(Formulas!AS14=1,1,RIGHT(Formulas!AT14)+2)),"$",""))&Formulas!AR14+1, IFERROR(INDEX(Datos!$A$1:$L$1,1,RIGHT(Formulas!AT14)+2)&IF(Formulas!AS14=1," "&Formulas!AR14,"")&":","")))} | AR17: {=IF(OR(Formulas!AS14=0,Formulas!AS14="",RIGHT(Formulas!AT14)="0"),"", HYPERLINK("["&Archivo_Nombre&"]Datos!"&LEFT(SUBSTITUTE(ADDRESS(1,RIGHT(Formulas!AT14)+2),"$",""))&Formulas!AR14+1, IFERROR(INDEX(Datos!$A$2:$L$101,Formulas!AR14,RIGHT(Formulas!AT14)+2),"")))} | AS17: {=IF(OR(Formulas!AT15=0,Formulas!AT15=""),"",HYPERLINK("["&Archivo_Nombre&"]Datos!"&LEFT(SUBSTITUTE(ADDRESS(1,Formulas!AT15+2),"$",""))&Formulas!AS15+1, IFERROR(INDEX(Datos!$A$2:$L$101,Formulas!AS15,Formulas!AT15+2),"")))} | AV17: {=IF(OR(Formulas!AX14=0,Formulas!AX14="",RIGHT(Formulas!AY14)="0"),"", HYPERLINK("["&Archivo_Nombre&"]Datos!"&LEFT(SUBSTITUTE(ADDRESS(1,IF(Formulas!AX14=1,1,RIGHT(Formulas!AY14)+2)),"$",""))&Formulas!AW14+1, IFERROR(INDEX(Datos!$A$1:$L$1,1,RIGHT(Formulas!AY14)+2)&IF(Formulas!AX14=1," "&Formulas!AW14,"")&":","")))} | AW17: {=IF(OR(Formulas!AX14=0,Formulas!AX14="",RIGHT(Formulas!AY14)="0"),"", HYPERLINK("["&Archivo_Nombre&"]Datos!"&LEFT(SUBSTITUTE(ADDRESS(1,RIGHT(Formulas!AY14)+2),"$",""))&Formulas!AW14+1, IFERROR(INDEX(Datos!$A$2:$L$101,Formulas!AW14,RIGHT(Formulas!AY14)+2),"")))} | AX17: {=IF(OR(Formulas!AY15=0,Formulas!AY15=""),"",HYPERLINK("["&Archivo_Nombre&"]Datos!"&LEFT(SUBSTITUTE(ADDRESS(1,Formulas!AY15+2),"$",""))&Formulas!AX15+1, IFERROR(INDEX(Datos!$A$2:$L$101,Formulas!AX15,Formulas!AY15+2),"")))}
... C201: {=IF(OR(Formulas!E198=0,Formulas!E198="",RIGHT(Formulas!F198)="0"),"", HYPERLINK("["&Archivo_Nombre&"]Datos!"&LEFT(SUBSTITUTE(ADDRESS(1,IF(Formulas!E198=1,1,RIGHT(Formulas!F198)+2)),"$",""))&Formulas!D198+1, IFERROR(INDEX(Datos!$A$1:$L$1,1,RIGHT(Formulas!F198)+2)&IF(Formulas!E198=1," "&Formulas!D198,"")&":","")))} | D201: {=IF(OR(Formulas!E198=0,Formulas!E198="",RIGHT(Formulas!F198)="0"),"", HYPERLINK("["&Archivo_Nombre&"]Datos!"&LEFT(SUBSTITUTE(ADDRESS(1,RIGHT(Formulas!F198)+2),"$",""))&Formulas!D198+1, IFERROR(INDEX(Datos!$A$2:$L$101,Formulas!D198,RIGHT(Formulas!F198)+2),"")))} | E201: {=IF(OR(Formulas!F199=0,Formulas!F199=""),"",HYPERLINK("["&Archivo_Nombre&"]Datos!"&LEFT(SUBSTITUTE(ADDRESS(1,Formulas!F199+2),"$",""))&Formulas!E199+1, IFERROR(INDEX(Datos!$A$2:$L$101,Formulas!E199,Formulas!F199+2),"")))} | H201: {=IF(OR(Formulas!J198=0,Formulas!J198="",RIGHT(Formulas!K198)="0"),"", HYPERLINK("["&Archivo_Nombre&"]Datos!"&LEFT(SUBSTITUTE(ADDRESS(1,IF(Formulas!J198=1,1,RIGHT(Formulas!K198)+2)),"$",""))&Formulas!I198+1, IFERROR(INDEX(Datos!$A$1:$L$1,1,RIGHT(Formulas!K198)+2)&IF(Formulas!J198=1," "&Formulas!I198,"")&":","")))} | I201: {=IF(OR(Formulas!J198=0,Formulas!J198="",RIGHT(Formulas!K198)="0"),"", HYPERLINK("["&Archivo_Nombre&"]Datos!"&LEFT(SUBSTITUTE(ADDRESS(1,RIGHT(Formulas!K198)+2),"$",""))&Formulas!I198+1, IFERROR(INDEX(Datos!$A$2:$L$101,Formulas!I198,RIGHT(Formulas!K198)+2),"")))} | J201: {=IF(OR(Formulas!K199=0,Formulas!K199=""),"",HYPERLINK("["&Archivo_Nombre&"]Datos!"&LEFT(SUBSTITUTE(ADDRESS(1,Formulas!K199+2),"$",""))&Formulas!J199+1, IFERROR(INDEX(Datos!$A$2:$L$101,Formulas!J199,Formulas!K199+2),"")))} | M201: {=IF(OR(Formulas!O198=0,Formulas!O198="",RIGHT(Formulas!P198)="0"),"", HYPERLINK("["&Archivo_Nombre&"]Datos!"&LEFT(SUBSTITUTE(ADDRESS(1,IF(Formulas!O198=1,1,RIGHT(Formulas!P198)+2)),"$",""))&Formulas!N198+1, IFERROR(INDEX(Datos!$A$1:$L$1,1,RIGHT(Formulas!P198)+2)&IF(Formulas!O198=1," "&Formulas!N198,"")&":","")))} | N201: {=IF(OR(Formulas!O198=0,Formulas!O198="",RIGHT(Formulas!P198)="0"),"", HYPERLINK("["&Archivo_Nombre&"]Datos!"&LEFT(SUBSTITUTE(ADDRESS(1,RIGHT(Formulas!P198)+2),"$",""))&Formulas!N198+1, IFERROR(INDEX(Datos!$A$2:$L$101,Formulas!N198,RIGHT(Formulas!P198)+2),"")))} | O201: {=IF(OR(Formulas!P199=0,Formulas!P199=""),"",HYPERLINK("["&Archivo_Nombre&"]Datos!"&LEFT(SUBSTITUTE(ADDRESS(1,Formulas!P199+2),"$",""))&Formulas!O199+1, IFERROR(INDEX(Datos!$A$2:$L$101,Formulas!O199,Formulas!P199+2),"")))} | R201: {=IF(OR(Formulas!T198=0,Formulas!T198="",RIGHT(Formulas!U198)="0"),"", HYPERLINK("["&Archivo_Nombre&"]Datos!"&LEFT(SUBSTITUTE(ADDRESS(1,IF(Formulas!T198=1,1,RIGHT(Formulas!U198)+2)),"$",""))&Formulas!S198+1, IFERROR(INDEX(Datos!$A$1:$L$1,1,RIGHT(Formulas!U198)+2)&IF(Formulas!T198=1," "&Formulas!S198,"")&":","")))} -> Final: | S201: {=IF(OR(Formulas!T198=0,Formulas!T198="",RIGHT(Formulas!U198)="0"),"", HYPERLINK("["&Archivo_Nombre&"]Datos!"&LEFT(SUBSTITUTE(ADDRESS(1,RIGHT(Formulas!U198)+2),"$",""))&Formulas!S198+1, IFERROR(INDEX(Datos!$A$2:$L$101,Formulas!S198,RIGHT(Formulas!U198)+2),"")))} -> 45796 | T201: {=IF(OR(Formulas!U199=0,Formulas!U199=""),"",HYPERLINK("["&Archivo_Nombre&"]Datos!"&LEFT(SUBSTITUTE(ADDRESS(1,Formulas!U199+2),"$",""))&Formulas!T199+1, IFERROR(INDEX(Datos!$A$2:$L$101,Formulas!T199,Formulas!U199+2),"")))} | W201: {=IF(OR(Formulas!Y198=0,Formulas!Y198="",RIGHT(Formulas!Z198)="0"),"", HYPERLINK("["&Archivo_Nombre&"]Datos!"&LEFT(SUBSTITUTE(ADDRESS(1,IF(Formulas!Y198=1,1,RIGHT(Formulas!Z198)+2)),"$",""))&Formulas!X198+1, IFERROR(INDEX(Datos!$A$1:$L$1,1,RIGHT(Formulas!Z198)+2)&IF(Formulas!Y198=1," "&Formulas!X198,"")&":","")))} | X201: {=IF(OR(Formulas!Y198=0,Formulas!Y198="",RIGHT(Formulas!Z198)="0"),"", HYPERLINK("["&Archivo_Nombre&"]Datos!"&LEFT(SUBSTITUTE(ADDRESS(1,RIGHT(Formulas!Z198)+2),"$",""))&Formulas!X198+1, IFERROR(INDEX(Datos!$A$2:$L$101,Formulas!X198,RIGHT(Formulas!Z198)+2),"")))} | Y201: {=IF(OR(Formulas!Z199=0,Formulas!Z199=""),"",HYPERLINK("["&Archivo_Nombre&"]Datos!"&LEFT(SUBSTITUTE(ADDRESS(1,Formulas!Z199+2),"$",""))&Formulas!Y199+1, IFERROR(INDEX(Datos!$A$2:$L$101,Formulas!Y199,Formulas!Z199+2),"")))} | AB201: {=IF(OR(Formulas!AD198=0,Formulas!AD198="",RIGHT(Formulas!AE198)="0"),"", HYPERLINK("["&Archivo_Nombre&"]Datos!"&LEFT(SUBSTITUTE(ADDRESS(1,IF(Formulas!AD198=1,1,RIGHT(Formulas!AE198)+2)),"$",""))&Formulas!AC198+1, IFERROR(INDEX(Datos!$A$1:$L$1,1,RIGHT(Formulas!AE198)+2)&IF(Formulas!AD198=1," "&Formulas!AC198,"")&":","")))} | AC201: {=IF(OR(Formulas!AD198=0,Formulas!AD198="",RIGHT(Formulas!AE198)="0"),"", HYPERLINK("["&Archivo_Nombre&"]Datos!"&LEFT(SUBSTITUTE(ADDRESS(1,RIGHT(Formulas!AE198)+2),"$",""))&Formulas!AC198+1, IFERROR(INDEX(Datos!$A$2:$L$101,Formulas!AC198,RIGHT(Formulas!AE198)+2),"")))} | AD201: {=IF(OR(Formulas!AE199=0,Formulas!AE199=""),"",HYPERLINK("["&Archivo_Nombre&"]Datos!"&LEFT(SUBSTITUTE(ADDRESS(1,Formulas!AE199+2),"$",""))&Formulas!AD199+1, IFERROR(INDEX(Datos!$A$2:$L$101,Formulas!AD199,Formulas!AE199+2),"")))} | AG201: {=IF(OR(Formulas!AI198=0,Formulas!AI198="",RIGHT(Formulas!AJ198)="0"),"", HYPERLINK("["&Archivo_Nombre&"]Datos!"&LEFT(SUBSTITUTE(ADDRESS(1,IF(Formulas!AI198=1,1,RIGHT(Formulas!AJ198)+2)),"$",""))&Formulas!AH198+1, IFERROR(INDEX(Datos!$A$1:$L$1,1,RIGHT(Formulas!AJ198)+2)&IF(Formulas!AI198=1," "&Formulas!AH198,"")&":","")))} | AH201: {=IF(OR(Formulas!AI198=0,Formulas!AI198="",RIGHT(Formulas!AJ198)="0"),"", HYPERLINK("["&Archivo_Nombre&"]Datos!"&LEFT(SUBSTITUTE(ADDRESS(1,RIGHT(Formulas!AJ198)+2),"$",""))&Formulas!AH198+1, IFERROR(INDEX(Datos!$A$2:$L$101,Formulas!AH198,RIGHT(Formulas!AJ198)+2),"")))} | AI201: {=IF(OR(Formulas!AJ199=0,Formulas!AJ199=""),"",HYPERLINK("["&Archivo_Nombre&"]Datos!"&LEFT(SUBSTITUTE(ADDRESS(1,Formulas!AJ199+2),"$",""))&Formulas!AI199+1, IFERROR(INDEX(Datos!$A$2:$L$101,Formulas!AI199,Formulas!AJ199+2),"")))} | AL201: {=IF(OR(Formulas!AN198=0,Formulas!AN198="",RIGHT(Formulas!AO198)="0"),"", HYPERLINK("["&Archivo_Nombre&"]Datos!"&LEFT(SUBSTITUTE(ADDRESS(1,IF(Formulas!AN198=1,1,RIGHT(Formulas!AO198)+2)),"$",""))&Formulas!AM198+1, IFERROR(INDEX(Datos!$A$1:$L$1,1,RIGHT(Formulas!AO198)+2)&IF(Formulas!AN198=1," "&Formulas!AM198,"")&":","")))} | AM201: {=IF(OR(Formulas!AN198=0,Formulas!AN198="",RIGHT(Formulas!AO198)="0"),"", HYPERLINK("["&Archivo_Nombre&"]Datos!"&LEFT(SUBSTITUTE(ADDRESS(1,RIGHT(Formulas!AO198)+2),"$",""))&Formulas!AM198+1, IFERROR(INDEX(Datos!$A$2:$L$101,Formulas!AM198,RIGHT(Formulas!AO198)+2),"")))} | AN201: {=IF(OR(Formulas!AO199=0,Formulas!AO199=""),"",HYPERLINK("["&Archivo_Nombre&"]Datos!"&LEFT(SUBSTITUTE(ADDRESS(1,Formulas!AO199+2),"$",""))&Formulas!AN199+1, IFERROR(INDEX(Datos!$A$2:$L$101,Formulas!AN199,Formulas!AO199+2),"")))} | AQ201: {=IF(OR(Formulas!AS198=0,Formulas!AS198="",RIGHT(Formulas!AT198)="0"),"", HYPERLINK("["&Archivo_Nombre&"]Datos!"&LEFT(SUBSTITUTE(ADDRESS(1,IF(Formulas!AS198=1,1,RIGHT(Formulas!AT198)+2)),"$",""))&Formulas!AR198+1, IFERROR(INDEX(Datos!$A$1:$L$1,1,RIGHT(Formulas!AT198)+2)&IF(Formulas!AS198=1," "&Formulas!AR198,"")&":","")))} | AR201: {=IF(OR(Formulas!AS198=0,Formulas!AS198="",RIGHT(Formulas!AT198)="0"),"", HYPERLINK("["&Archivo_Nombre&"]Datos!"&LEFT(SUBSTITUTE(ADDRESS(1,RIGHT(Formulas!AT198)+2),"$",""))&Formulas!AR198+1, IFERROR(INDEX(Datos!$A$2:$L$101,Formulas!AR198,RIGHT(Formulas!AT198)+2),"")))} | AS201: {=IF(OR(Formulas!AT199=0,Formulas!AT199=""),"",HYPERLINK("["&Archivo_Nombre&"]Datos!"&LEFT(SUBSTITUTE(ADDRESS(1,Formulas!AT199+2),"$",""))&Formulas!AS199+1, IFERROR(INDEX(Datos!$A$2:$L$101,Formulas!AS199,Formulas!AT199+2),"")))} | AV201: {=IF(OR(Formulas!AX198=0,Formulas!AX198="",RIGHT(Formulas!AY198)="0"),"", HYPERLINK("["&Archivo_Nombre&"]Datos!"&LEFT(SUBSTITUTE(ADDRESS(1,IF(Formulas!AX198=1,1,RIGHT(Formulas!AY198)+2)),"$",""))&Formulas!AW198+1, IFERROR(INDEX(Datos!$A$1:$L$1,1,RIGHT(Formulas!AY198)+2)&IF(Formulas!AX198=1," "&Formulas!AW198,"")&":","")))} | AW201: {=IF(OR(Formulas!AX198=0,Formulas!AX198="",RIGHT(Formulas!AY198)="0"),"", HYPERLINK("["&Archivo_Nombre&"]Datos!"&LEFT(SUBSTITUTE(ADDRESS(1,RIGHT(Formulas!AY198)+2),"$",""))&Formulas!AW198+1, IFERROR(INDEX(Datos!$A$2:$L$101,Formulas!AW198,RIGHT(Formulas!AY198)+2),"")))} | AX201: {=IF(OR(Formulas!AY199=0,Formulas!AY199=""),"",HYPERLINK("["&Archivo_Nombre&"]Datos!"&LEFT(SUBSTITUTE(ADDRESS(1,Formulas!AY199+2),"$",""))&Formulas!AX199+1, IFERROR(INDEX(Datos!$A$2:$L$101,Formulas!AX199,Formulas!AY199+2),"")))}

Sheet Datos
A1: =Idiomas!$A$7 -> Estados | B1: =Idiomas!$A$8 -> Criticidad | C1: ORDEN PCRONOLOGICO | D1: =Idiomas!$A$12 -> Tarea | E1: =Idiomas!$A$13 -> Descripción | F1: =Idiomas!$A$14 -> Inicio | G1: =Idiomas!$A$15 -> Previsto | H1: =Idiomas!$A$16 -> Final | I1: =Idiomas!$A$17 -> Duración | J1: =Idiomas!$A$18 -> Retraso | K1: =Idiomas!$A$19 -> Asignado | L1: KANBAN
A2: EN PROGRESO | B2: IMPORTANTE | C2: 1 | D2: Planificación del proyecto | E2: Se definieron los objetivos iniciales, cronograma general y roles del equipo. | F2: 45775 | G2: 45777 | H2: 45777 | I2: =IF(Datos!$H2>0,Datos!$H2-Datos!$F2+1 & " " & Idiomas!$A$29,"") -> 3 días | J2: {=IF(OR(Datos!$H2="",Datos!$A2=""),"",IF(AND(Datos!$H2=0,Datos!$G2>0,Fecha_Hoy>Datos!$G2),Fecha_Hoy-Datos!$G2,IF(Datos!$G2<Datos!$H2,Datos!$H2-Datos!$G2,0))& " " & Idiomas!$A$29)} -> 0 días | K2: Alejandro De La Cruz | L2: {=HYPERLINK("["&Archivo_Nombre&"]KANBAN!"&IF(Tareas!$P2="","B2",Tareas!$P2),IF(Datos!$A2="","",Idiomas!$A$12&" "&ROW()-1))} -> Tarea 1
A3: COMPLETADO | B3: IMPORTANTE | C3: 2 | D3: Reunión inicial | E3: Reunión grupal para coordinar ideas y distribuir responsabilidades del proyecto. | F3: 45775 | G3: 45775 | H3: 45775 | I3: =IF(Datos!$H3>0,Datos!$H3-Datos!$F3+1 & " " & Idiomas!$A$29,"") -> 1 días | J3: {=IF(OR(Datos!$H3="",Datos!$A3=""),"",IF(AND(Datos!$H3=0,Datos!$G3>0,Fecha_Hoy>Datos!$G3),Fecha_Hoy-Datos!$G3,IF(Datos!$G3<Datos!$H3,Datos!$H3-Datos!$G3,0))& " " & Idiomas!$A$29)} -> 0 días | K3: Todos | L3: {=HYPERLINK("["&Archivo_Nombre&"]KANBAN!"&IF(Tareas!$P3="","B2",Tareas!$P3),IF(Datos!$A3="","",Idiomas!$A$12&" "&ROW()-1))} -> Tarea 2
A4: COMPLETADO | B4: NORMAL | C4: 3 | D4: Acta de compromiso | E4: Acta de compromiso | F4: 45815 | G4: 45816 | H4: 45816 | I4: =IF(Datos!$H25>0,Datos!$H25-Datos!$F25+1 & " " & Idiomas!$A$29,"") -> 2 días | J4: {=IF(OR(Datos!$H25="",Datos!$A25=""),"",IF(AND(Datos!$H25=0,Datos!$G25>0,Fecha_Hoy>Datos!$G25),Fecha_Hoy-Datos!$G25,IF(Datos!$G25<Datos!$H25,Datos!$H25-Datos!$G25,0))& " " & Idiomas!$A$29)} -> 0 días | K4: Ian Escobar | L4: {=HYPERLINK("["&Archivo_Nombre&"]KANBAN!"&IF(Tareas!$P25="","B2",Tareas!$P25),IF(Datos!$A25="","",Idiomas!$A$12&" "&ROW()-1))} -> Tarea 3
A5: COMPLETADO | B5: IMPORTANTE | C5: 4 | D5: Elaboración del perfil del proyecto en base al proyecto "Elegant.love" | E5: Realizar a documentación de perfil de proyecto | F5: 45776 | G5: 45780 | H5: 45779 | I5: =IF(Datos!$H4>0,Datos!$H4-Datos!$F4+1 & " " & Idiomas!$A$29,"") -> 2 días | J5: {=IF(OR(Datos!$H4="",Datos!$A4=""),"",IF(AND(Datos!$H4=0,Datos!$G4>0,Fecha_Hoy>Datos!$G4),Fecha_Hoy-Datos!$G4,IF(Datos!$G4<Datos!$H4,Datos!$H4-Datos!$G4,0))& " " & Idiomas!$A$29)} -> 0 días | K5: Alejandro De La Cruz | L5: {=HYPERLINK("["&Archivo_Nombre&"]KANBAN!"&IF(Tareas!$P4="","B2",Tareas!$P4),IF(Datos!$A4="","",Idiomas!$A$12&" "&ROW()-1))} -> Tarea 4
A6: COMPLETADO | B6: NORMAL | C6: 5 | D6: Corrección del perfil del proyecto con el cliente acordado | E6: Se ajustó el perfil del proyecto con base en las sugerencias del cliente. | F6: 45784 | G6: 45786 | H6: 45786 | I6: =IF(Datos!$H6>0,Datos!$H6-Datos!$F6+1 & " " & Idiomas!$A$29,"") -> 3 días | J6: {=IF(OR(Datos!$H6="",Datos!$A6=""),"",IF(AND(Datos!$H6=0,Datos!$G6>0,Fecha_Hoy>Datos!$G6),Fecha_Hoy-Datos!$G6,IF(Datos!$G6<Datos!$H6,Datos!$H6-Datos!$G6,0))& " " & Idiomas!$A$29)} -> 0 días | K6: Ian Escobar | L6: {=HYPERLINK("["&Archivo_Nombre&"]KANBAN!"&IF(Tareas!$P6="","B2",Tareas!$P6),IF(Datos!$A6="","",Idiomas!$A$12&" "&ROW()-1))} -> Tarea 5
A7: COMPLETADO | B7: IMPORTANTE | C7: 6 | D7: Definición del proyecto a trabajar | E7: Definición del proyecto a trabajar | F7: 45793 | G7: 45794 | H7: 45794 | I7: =IF(Datos!$H14>0,Datos!$H14-Datos!$F14+1 & " " & Idiomas!$A$29,"") -> 2 días | J7: {=IF(OR(Datos!$H14="",Datos!$A14=""),"",IF(AND(Datos!$H14=0,Datos!$G14>0,Fecha_Hoy>Datos!$G14),Fecha_Hoy-Datos!$G14,IF(Datos!$G14<Datos!$H14,Datos!$H14-Datos!$G14,0))& " " & Idiomas!$A$29)} -> 0 días | K7: Todos | L7: {=HYPERLINK("["&Archivo_Nombre&"]KANBAN!"&IF(Tareas!$P14="","B2",Tareas!$P14),IF(Datos!$A14="","",Idiomas!$A$12&" "&ROW()-1))} -> Tarea 6
A8: COMPLETADO | B8: NORMAL | C8: 7 | D8: Creación de borrador de entrevista para el viernes | E8: Realizar el borrador de la entrevista al cliente | F8: 45783 | G8: 45784 | H8: 45784 | I8: =IF(Datos!$H5>0,Datos!$H5-Datos!$F5+1 & " " & Idiomas!$A$29,"") -> 4 días | J8: {=IF(OR(Datos!$H5="",Datos!$A5=""),"",IF(AND(Datos!$H5=0,Datos!$G5>0,Fecha_Hoy>Datos!$G5),Fecha_Hoy-Datos!$G5,IF(Datos!$G5<Datos!$H5,Datos!$H5-Datos!$G5,0))& " " & Idiomas!$A$29)} -> 0 días | K8: Alejandro De La Cruz | L8: {=HYPERLINK("["&Archivo_Nombre&"]KANBAN!"&IF(Tareas!$P5="","B2",Tareas!$P5),IF(Datos!$A5="","",Idiomas!$A$12&" "&ROW()-1))} -> Tarea 7
A9: COMPLETADO | B9: NORMAL | C9: 8 | D9: Creación del trabajo FODA | E9: Creación del trabajo FODA | F9: 45796 | G9: 45798 | H9: 45798 | I9: =IF(Datos!$H17>0,Datos!$H17-Datos!$F17+1 & " " & Idiomas!$A$29,"") -> 2 días | J9: {=IF(OR(Datos!$H17="",Datos!$A17=""),"",IF(AND(Datos!$H17=0,Datos!$G17>0,Fecha_Hoy>Datos!$G17),Fecha_Hoy-Datos!$G17,IF(Datos!$G17<Datos!$H17,Datos!$H17-Datos!$G17,0))& " " & Idiomas!$A$29)} -> 0 días | K9: Todos | L9: {=HYPERLINK("["&Archivo_Nombre&"]KANBAN!"&IF(Tareas!$P17="","B2",Tareas!$P17),IF(Datos!$A17="","",Idiomas!$A$12&" "&ROW()-1))} -> Tarea 8
A10: COMPLETADO | B10: IMPORTANTE | C10: 9 | D10: Investigación método de resolución 5W y 2H | E10: Investigación método de resolución 5W y 2H | F10: 45795 | G10: 45796 | H10: 45796 | I10: =IF(Datos!$H16>0,Datos!$H16-Datos!$F16+1 & " " & Idiomas!$A$29,"") -> 1 días | J10: {=IF(OR(Datos!$H16="",Datos!$A16=""),"",IF(AND(Datos!$H16=0,Datos!$G16>0,Fecha_Hoy>Datos!$G16),Fecha_Hoy-Datos!$G16,IF(Datos!$G16<Datos!$H16,Datos!$H16-Datos!$G16,0))& " " & Idiomas!$A$29)} -> 0 días | K10: Ian Escobar | L10: {=HYPERLINK("["&Archivo_Nombre&"]KANBAN!"&IF(Tareas!$P16="","B2",Tareas!$P16),IF(Datos!$A16="","",Idiomas!$A$12&" "&ROW()-1))} -> Tarea 9
A11: EN PROGRESO | B11: IMPORTANTE | C11: 10 | D11: Creación del Cronograma Marco de trabajo ágil | E11: Creación del Cronograma Marco de trabajo ágil | F11: 45785 | G11: 45786 | H11: 45786 | I11: =IF(Datos!$H7>0,Datos!$H7-Datos!$F7+1 & " " & Idiomas!$A$29,"") -> 2 días | J11: {=IF(OR(Datos!$H7="",Datos!$A7=""),"",IF(AND(Datos!$H7=0,Datos!$G7>0,Fecha_Hoy>Datos!$G7),Fecha_Hoy-Datos!$G7,IF(Datos!$G7<Datos!$H7,Datos!$H7-Datos!$G7,0))& " " & Idiomas!$A$29)} -> 0 días | K11: Santiago Nogales | L11: {=HYPERLINK("["&Archivo_Nombre&"]KANBAN!"&IF(Tareas!$P7="","B2",Tareas!$P7),IF(Datos!$A7="","",Idiomas!$A$12&" "&ROW()-1))} -> Tarea 10
A12: COMPLETADO | B12: IMPORTANTE | C12: 11 | D12: Manual de historias de usuario | E12: Manual de historias de usuario | F12: 45787 | G12: 45788 | H12: 45788 | I12: =IF(Datos!$H8>0,Datos!$H8-Datos!$F8+1 & " " & Idiomas!$A$29,"") -> 2 días | J12: {=IF(OR(Datos!$H8="",Datos!$A8=""),"",IF(AND(Datos!$H8=0,Datos!$G8>0,Fecha_Hoy>Datos!$G8),Fecha_Hoy-Datos!$G8,IF(Datos!$G8<Datos!$H8,Datos!$H8-Datos!$G8,0))& " " & Idiomas!$A$29)} -> 0 días | K12: Alejandro De La Cruz | L12: {=HYPERLINK("["&Archivo_Nombre&"]KANBAN!"&IF(Tareas!$P8="","B2",Tareas!$P8),IF(Datos!$A8="","",Idiomas!$A$12&" "&ROW()-1))} -> Tarea 11
A13: COMPLETADO | B13: URGENTE | C13: 12 | D13: Organización de carpetas del GitHub | E13: Organización de carpetas del GitHub | F13: 45790 | G13: 45790 | H13: 45790 | I13: =IF(Datos!$H11>0,Datos!$H11-Datos!$F11+1 & " " & Idiomas!$A$29,"") -> 2 días | J13: {=IF(OR(Datos!$H11="",Datos!$A11=""),"",IF(AND(Datos!$H11=0,Datos!$G11>0,Fecha_Hoy>Datos!$G11),Fecha_Hoy-Datos!$G11,IF(Datos!$G11<Datos!$H11,Datos!$H11-Datos!$G11,0))& " " & Idiomas!$A$29)} -> 0 días | K13: Santiago Nogales | L13: {=HYPERLINK("["&Archivo_Nombre&"]KANBAN!"&IF(Tareas!$P11="","B2",Tareas!$P11),IF(Datos!$A11="","",Idiomas!$A$12&" "&ROW()-1))} -> Tarea 12
A14: COMPLETADO | B14: IMPORTANTE | C14: 13 | D14: creación del repositorio en GitHub | E14: Creación del repositorio en GitHub | F14: 45794 | G14: 45795 | H14: 45795 | I14: =IF(Datos!$H15>0,Datos!$H15-Datos!$F15+1 & " " & Idiomas!$A$29,"") -> 2 días | J14: {=IF(OR(Datos!$H15="",Datos!$A15=""),"",IF(AND(Datos!$H15=0,Datos!$G15>0,Fecha_Hoy>Datos!$G15),Fecha_Hoy-Datos!$G15,IF(Datos!$G15<Datos!$H15,Datos!$H15-Datos!$G15,0))& " " & Idiomas!$A$29)} -> 0 días | K14: Alejandro De La Cruz | L14: {=HYPERLINK("["&Archivo_Nombre&"]KANBAN!"&IF(Tareas!$P15="","B2",Tareas!$P15),IF(Datos!$A15="","",Idiomas!$A$12&" "&ROW()-1))} -> Tarea 13
A15: COMPLETADO | B15: NORMAL | C15: 14 | D15: Corrección del marco de trabajo en Excel | E15: Corrección del marco de trabajo en Excel | F15: 45788 | G15: 45789 | H15: 45789 | I15: =IF(Datos!$H10>0,Datos!$H10-Datos!$F10+1 & " " & Idiomas!$A$29,"") -> 2 días | J15: {=IF(OR(Datos!$H10="",Datos!$A10=""),"",IF(AND(Datos!$H10=0,Datos!$G10>0,Fecha_Hoy>Datos!$G10),Fecha_Hoy-Datos!$G10,IF(Datos!$G10<Datos!$H10,Datos!$H10-Datos!$G10,0))& " " & Idiomas!$A$29)} -> 0 días | K15: Alejandro De La Cruz | L15: {=HYPERLINK("["&Archivo_Nombre&"]KANBAN!"&IF(Tareas!$P10="","B2",Tareas!$P10),IF(Datos!$A10="","",Idiomas!$A$12&" "&ROW()-1))} -> Tarea 14
A16: COMPLETADO | B16: IMPORTANTE | C16: 15 | D16: Revisión de Sprint1 | E16: Realizar la revisión de Sprint1 | F16: 45600 | G16: 45600 | H16: 45600 | I16: =IF(Datos!$H9>0,Datos!$H9-Datos!$F9+1 & " " & Idiomas!$A$29,"") -> 3 días | J16: {=IF(OR(Datos!$H9="",Datos!$A9=""),"",IF(AND(Datos!$H9=0,Datos!$G9>0,Fecha_Hoy>Datos!$G9),Fecha_Hoy-Datos!$G9,IF(Datos!$G9<Datos!$H9,Datos!$H9-Datos!$G9,0))& " " & Idiomas!$A$29)} -> 0 días | K16: Santiago Nogales | L16: {=HYPERLINK("["&Archivo_Nombre&"]KANBAN!"&IF(Tareas!$P9="","B2",Tareas!$P9),IF(Datos!$A9="","",Idiomas!$A$12&" "&ROW()-1))} -> Tarea 15
A17: COMPLETADO | B17: URGENTE | C17: 16 | D17: Búsqueda de interesados para implementar un proyecto por medio de software con validaciones | E17: Búsqueda de interesados para implementar un proyecto por medio de software con validaciones | F17: 45791 | G17: 45792 | H17: 45792 | I17: =IF(Datos!$H12>0,Datos!$H12-Datos!$F12+1 & " " & Idiomas!$A$29,"") -> 2 días | J17: {=IF(OR(Datos!$H12="",Datos!$A12=""),"",IF(AND(Datos!$H12=0,Datos!$G12>0,Fecha_Hoy>Datos!$G12),Fecha_Hoy-Datos!$G12,IF(Datos!$G12<Datos!$H12,Datos!$H12-Datos!$G12,0))& " " & Idiomas!$A$29)} -> 0 días | K17: Todos | L17: {=HYPERLINK("["&Archivo_Nombre&"]KANBAN!"&IF(Tareas!$P12="","B2",Tareas!$P12),IF(Datos!$A12="","",Idiomas!$A$12&" "&ROW()-1))} -> Tarea 16
A18: COMPLETADO | B18: URGENTE | C18: 17 | D18: Creación de la lista de interesados | E18: Creación de la lista de interesados | F18: 45792 | G18: 45793 | H18: 45793 | I18: =IF(Datos!$H13>0,Datos!$H13-Datos!$F13+1 & " " & Idiomas!$A$29,"") -> 1 días | J18: {=IF(OR(Datos!$H13="",Datos!$A13=""),"",IF(AND(Datos!$H13=0,Datos!$G13>0,Fecha_Hoy>Datos!$G13),Fecha_Hoy-Datos!$G13,IF(Datos!$G13<Datos!$H13,Datos!$H13-Datos!$G13,0))& " " & Idiomas!$A$29)} -> 0 días | K18: Todos | L18: {=HYPERLINK("["&Archivo_Nombre&"]KANBAN!"&IF(Tareas!$P13="","B2",Tareas!$P13),IF(Datos!$A13="","",Idiomas!$A$12&" "&ROW()-1))} -> Tarea 17
A19: COMPLETADO | B19: IMPORTANTE | C19: 18 | D19: REQ001 Seguridad al ingreso | E19: REQ001 Seguridad al ingreso | F19: 45798 | G19: 45800 | H19: 45800 | I19: =IF(Datos!$H18>0,Datos!$H18-Datos!$F18+1 & " " & Idiomas!$A$29,"") -> 2 días | J19: {=IF(OR(Datos!$H18="",Datos!$A18=""),"",IF(AND(Datos!$H18=0,Datos!$G18>0,Fecha_Hoy>Datos!$G18),Fecha_Hoy-Datos!$G18,IF(Datos!$G18<Datos!$H18,Datos!$H18-Datos!$G18,0))& " " & Idiomas!$A$29)} -> 0 días | K19: Santiago Nogales | L19: {=HYPERLINK("["&Archivo_Nombre&"]KANBAN!"&IF(Tareas!$P18="","B2",Tareas!$P18),IF(Datos!$A18="","",Idiomas!$A$12&" "&ROW()-1))} -> Tarea 18
A20: COMPLETADO | B20: IMPORTANTE | C20: 19 | D20: REQ002 Menú | E20: REQ002 Menú | F20: 45800 | G20: 45803 | H20: 45803 | I20: =IF(Datos!$H19>0,Datos!$H19-Datos!$F19+1 & " " & Idiomas!$A$29,"") -> 3 días | J20: {=IF(OR(Datos!$H19="",Datos!$A19=""),"",IF(AND(Datos!$H19=0,Datos!$G19>0,Fecha_Hoy>Datos!$G19),Fecha_Hoy-Datos!$G19,IF(Datos!$G19<Datos!$H19,Datos!$H19-Datos!$G19,0))& " " & Idiomas!$A$29)} -> 0 días | K20: Santiago Nogales | L20: {=HYPERLINK("["&Archivo_Nombre&"]KANBAN!"&IF(Tareas!$P19="","B2",Tareas!$P19),IF(Datos!$A19="","",Idiomas!$A$12&" "&ROW()-1))} -> Tarea 19
A21: COMPLETADO | B21: IMPORTANTE | C21: 20 | D21: REQ003 Edición base de datos | E21: REQ003 Edición base de datos | F21: 45806 | G21: 45808 | H21: 45808 | I21: =IF(Datos!$H20>0,Datos!$H20-Datos!$F20+1 & " " & Idiomas!$A$29,"") -> 4 días | J21: {=IF(OR(Datos!$H20="",Datos!$A20=""),"",IF(AND(Datos!$H20=0,Datos!$G20>0,Fecha_Hoy>Datos!$G20),Fecha_Hoy-Datos!$G20,IF(Datos!$G20<Datos!$H20,Datos!$H20-Datos!$G20,0))& " " & Idiomas!$A$29)} -> 0 días | K21: Santiago Nogales | L21: {=HYPERLINK("["&Archivo_Nombre&"]KANBAN!"&IF(Tareas!$P20="","B2",Tareas!$P20),IF(Datos!$A20="","",Idiomas!$A$12&" "&ROW()-1))} -> Tarea 20
A22: COMPLETADO | B22: IMPORTANTE | C22: 21 | D22: Pruebas caja blanca y caja negra y de la organización | E22: Pruebas caja blanca y caja negra | F22: 45809 | G22: 45811 | H22: 45811 | I22: =IF(Datos!$H21>0,Datos!$H21-Datos!$F21+1 & " " & Idiomas!$A$29,"") -> 3 días | J22: {=IF(OR(Datos!$H21="",Datos!$A21=""),"",IF(AND(Datos!$H21=0,Datos!$G21>0,Fecha_Hoy>Datos!$G21),Fecha_Hoy-Datos!$G21,IF(Datos!$G21<Datos!$H21,Datos!$H21-Datos!$G21,0))& " " & Idiomas!$A$29)} -> 0 días | K22: Alejandro De La Cruz | L22: {=HYPERLINK("["&Archivo_Nombre&"]KANBAN!"&IF(Tareas!$P21="","B2",Tareas!$P21),IF(Datos!$A21="","",Idiomas!$A$12&" "&ROW()-1))} -> Tarea 21
A23: COMPLETADO | B23: IMPORTANTE | C23: 22 | D23: Pruebas tester | E23: Pruebas tester | F23: 45812 | G23: 45813 | H23: 45813 | I23: =IF(Datos!$H22>0,Datos!$H22-Datos!$F22+1 & " " & Idiomas!$A$29,"") -> 3 días | J23: {=IF(OR(Datos!$H22="",Datos!$A22=""),"",IF(AND(Datos!$H22=0,Datos!$G22>0,Fecha_Hoy>Datos!$G22),Fecha_Hoy-Datos!$G22,IF(Datos!$G22<Datos!$H22,Datos!$H22-Datos!$G22,0))& " " & Idiomas!$A$29)} -> 0 días | K23: Todos | L23: {=HYPERLINK("["&Archivo_Nombre&"]KANBAN!"&IF(Tareas!$P22="","B2",Tareas!$P22),IF(Datos!$A22="","",Idiomas!$A$12&" "&ROW()-1))} -> Tarea 22
A24: COMPLETADO | B24: NORMAL | C24: 23 | D24: Presentación RQ001,RQ002,RQ003 Funcional (video) | E24: Presentación RQ001,RQ002,RQ003 Funcional (video) | F24: 45813 | G24: 45814 | H24: 45814 | I24: =IF(Datos!$H23>0,Datos!$H23-Datos!$F23+1 & " " & Idiomas!$A$29,"") -> 2 días | J24: {=IF(OR(Datos!$H23="",Datos!$A23=""),"",IF(AND(Datos!$H23=0,Datos!$G23>0,Fecha_Hoy>Datos!$G23),Fecha_Hoy-Datos!$G23,IF(Datos!$G23<Datos!$H23,Datos!$H23-Datos!$G23,0))& " " & Idiomas!$A$29)} -> 0 días | K24: Todos | L24: {=HYPERLINK("["&Archivo_Nombre&"]KANBAN!"&IF(Tareas!$P23="","B2",Tareas!$P23),IF(Datos!$A23="","",Idiomas!$A$12&" "&ROW()-1))} -> Tarea 23
A25: COMPLETADO | B25: IMPORTANTE | C25: 24 | D25: Finalización del sprint 1 | E25: Finalización del sprint 1 | F25: 45814 | G25: 45815 | H25: 45815 | I25: =IF(Datos!$H24>0,Datos!$H24-Datos!$F24+1 & " " & Idiomas!$A$29,"") -> 2 días | J25: {=IF(OR(Datos!$H24="",Datos!$A24=""),"",IF(AND(Datos!$H24=0,Datos!$G24>0,Fecha_Hoy>Datos!$G24),Fecha_Hoy-Datos!$G24,IF(Datos!$G24<Datos!$H24,Datos!$H24-Datos!$G24,0))& " " & Idiomas!$A$29)} -> 0 días | K25: Todos | L25: {=HYPERLINK("["&Archivo_Nombre&"]KANBAN!"&IF(Tareas!$P24="","B2",Tareas!$P24),IF(Datos!$A24="","",Idiomas!$A$12&" "&ROW()-1))} -> Tarea 24
A26: COMPLETADO | B26: IMPORTANTE | C26: 25 | D26: REQ004 Cambio de IDE | E26: REQ004 Cambio de IDE | F26: 45817 | G26: 45819 | H26: 45819 | I26: =IF(Datos!$H26>0,Datos!$H26-Datos!$F26+1 & " " & Idiomas!$A$29,"") -> 3 días | J26: {=IF(OR(Datos!$H26="",Datos!$A26=""),"",IF(AND(Datos!$H26=0,Datos!$G26>0,Fecha_Hoy>Datos!$G26),Fecha_Hoy-Datos!$G26,IF(Datos!$G26<Datos!$H26,Datos!$H26-Datos!$G26,0))& " " & Idiomas!$A$29)} -> 0 días | K26: Santiago Nogales | L26: {=HYPERLINK("["&Archivo_Nombre&"]KANBAN!"&IF(Tareas!$P26="","B2",Tareas!$P26),IF(Datos!$A26="","",Idiomas!$A$12&" "&ROW()-1))} -> Tarea 25
A27: COMPLETADO | B27: IMPORTANTE | C27: 26 | D27: Pruebas tester | E27: Pruebas tester | F27: 45820 | G27: 45821 | H27: 45821 | I27: =IF(Datos!$H27>0,Datos!$H27-Datos!$F27+1 & " " & Idiomas!$A$29,"") -> 2 días | J27: {=IF(OR(Datos!$H27="",Datos!$A27=""),"",IF(AND(Datos!$H27=0,Datos!$G27>0,Fecha_Hoy>Datos!$G27),Fecha_Hoy-Datos!$G27,IF(Datos!$G27<Datos!$H27,Datos!$H27-Datos!$G27,0))& " " & Idiomas!$A$29)} -> 0 días | K27: Todos | L27: {=HYPERLINK("["&Archivo_Nombre&"]KANBAN!"&IF(Tareas!$P27="","B2",Tareas!$P27),IF(Datos!$A27="","",Idiomas!$A$12&" "&ROW()-1))} -> Tarea 26
A28: COMPLETADO | B28: IMPORTANTE | C28: 27 | D28: Presentación RQ004 Funcional (Video) | E28: Presentación RQ004 Funcional (Video) | F28: 45821 | G28: 45822 | H28: 45822 | I28: =IF(Datos!$H28>0,Datos!$H28-Datos!$F28+1 & " " & Idiomas!$A$29,"") -> 2 días | J28: {=IF(OR(Datos!$H28="",Datos!$A28=""),"",IF(AND(Datos!$H28=0,Datos!$G28>0,Fecha_Hoy>Datos!$G28),Fecha_Hoy-Datos!$G28,IF(Datos!$G28<Datos!$H28,Datos!$H28-Datos!$G28,0))& " " & Idiomas!$A$29)} -> 0 días | K28: Todos | L28: {=HYPERLINK("["&Archivo_Nombre&"]KANBAN!"&IF(Tareas!$P28="","B2",Tareas!$P28),IF(Datos!$A28="","",Idiomas!$A$12&" "&ROW()-1))} -> Tarea 27
A29: COMPLETADO | B29: IMPORTANTE | C29: 28 | D29: Finalización del sprint 2 | E29: Finalización del sprint 2 | F29: 45821 | G29: 45822 | H29: 45822 | I29: =IF(Datos!$H29>0,Datos!$H29-Datos!$F29+1 & " " & Idiomas!$A$29,"") -> 2 días | J29: {=IF(OR(Datos!$H29="",Datos!$A29=""),"",IF(AND(Datos!$H29=0,Datos!$G29>0,Fecha_Hoy>Datos!$G29),Fecha_Hoy-Datos!$G29,IF(Datos!$G29<Datos!$H29,Datos!$H29-Datos!$G29,0))& " " & Idiomas!$A$29)} -> 0 días | K29: Todos | L29: {=HYPERLINK("["&Archivo_Nombre&"]KANBAN!"&IF(Tareas!$P29="","B2",Tareas!$P29),IF(Datos!$A29="","",Idiomas!$A$12&" "&ROW()-1))} -> Tarea 28
A30: COMPLETADO | B30: NORMAL | C30: 29 | D30: Resultados de las pruebas finales Stakeholder de desarrollo y de la organización | E30: Realizar el Informe de Resultados de las pruebas finales | F30: 45687 | G30: 45687 | H30: 45687 | I30: =IF(Datos!$H85>0,Datos!$H85-Datos!$F85+1 & " " & Idiomas!$A$29,"") | J30: {=IF(OR(Datos!$H85="",Datos!$A85=""),"",IF(AND(Datos!$H85=0,Datos!$G85>0,Fecha_Hoy>Datos!$G85),Fecha_Hoy-Datos!$G85,IF(Datos!$G85<Datos!$H85,Datos!$H85-Datos!$G85,0))& " " & Idiomas!$A$29)} | K30: Ruben Arroyo | L30: {=HYPERLINK("["&Archivo_Nombre&"]KANBAN!"&IF(Tareas!$P85="","B2",Tareas!$P85),IF(Datos!$A85="","",Idiomas!$A$12&" "&ROW()-1))}
A31: EN PROGRESO | B31: IMPORTANTE | C31: 30 | D31: Implementación Kanban | E31: Implementación Kanban | F31: 45822 | G31: 45825 | H31: 45825 | I31: =IF(Datos!$H30>0,Datos!$H30-Datos!$F30+1 & " " & Idiomas!$A$29,"") -> 1 días | J31: {=IF(OR(Datos!$H30="",Datos!$A30=""),"",IF(AND(Datos!$H30=0,Datos!$G30>0,Fecha_Hoy>Datos!$G30),Fecha_Hoy-Datos!$G30,IF(Datos!$G30<Datos!$H30,Datos!$H30-Datos!$G30,0))& " " & Idiomas!$A$29)} -> 0 días | K31: Ian Escobar | L31: {=HYPERLINK("["&Archivo_Nombre&"]KANBAN!"&IF(Tareas!$P30="","B2",Tareas!$P30),IF(Datos!$A30="","",Idiomas!$A$12&" "&ROW()-1))} -> Tarea 30
A32: EN PROGRESO | B32: IMPORTANTE | D32: REQ005 Filtración atributos clientes | E32: Implementación requisito 5 dentro del programa | F32: 45856 | G32: 45858 | I32: =IF(Datos!$H31>0,Datos!$H31-Datos!$F31+1 & " " & Idiomas!$A$29,"") -> 4 días | J32: {=IF(OR(Datos!$H31="",Datos!$A31=""),"",IF(AND(Datos!$H31=0,Datos!$G31>0,Fecha_Hoy>Datos!$G31),Fecha_Hoy-Datos!$G31,IF(Datos!$G31<Datos!$H31,Datos!$H31-Datos!$G31,0))& " " & Idiomas!$A$29)} -> 0 días | K32: Santiago Nogales | L32: {=HYPERLINK("["&Archivo_Nombre&"]KANBAN!"&IF(Tareas!$P31="","B2",Tareas!$P31),IF(Datos!$A31="","",Idiomas!$A$12&" "&ROW()-1))} -> Tarea 31
A33: EN PROGRESO | B33: IMPORTANTE | D33: REQ006 Creación de mensajes | E33: Opción de mandar mensajes dentro del programa | F33: 45856 | G33: 45858 | I33: =IF(Datos!$H32>0,Datos!$H32-Datos!$F32+1 & " " & Idiomas!$A$29,"") | J33: {=IF(OR(Datos!$H32="",Datos!$A32=""),"",IF(AND(Datos!$H32=0,Datos!$G32>0,Fecha_Hoy>Datos!$G32),Fecha_Hoy-Datos!$G32,IF(Datos!$G32<Datos!$H32,Datos!$H32-Datos!$G32,0))& " " & Idiomas!$A$29)} | K33: Santiago Nogales | L33: {=HYPERLINK("["&Archivo_Nombre&"]KANBAN!"&IF(Tareas!$P32="","B2",Tareas!$P32),IF(Datos!$A32="","",Idiomas!$A$12&" "&ROW()-1))} -> Tarea 32
A34: EN PROGRESO | B34: IMPORTANTE | D34: Finalización del sprint 3 | E34: Finalización del sprint 3 | F34: 45861 | G34: 45861 | I34: =IF(Datos!$H33>0,Datos!$H33-Datos!$F33+1 & " " & Idiomas!$A$29,"") | J34: {=IF(OR(Datos!$H33="",Datos!$A33=""),"",IF(AND(Datos!$H33=0,Datos!$G33>0,Fecha_Hoy>Datos!$G33),Fecha_Hoy-Datos!$G33,IF(Datos!$G33<Datos!$H33,Datos!$H33-Datos!$G33,0))& " " & Idiomas!$A$29)} | K34: Todos | L34: {=HYPERLINK("["&Archivo_Nombre&"]KANBAN!"&IF(Tareas!$P33="","B2",Tareas!$P33),IF(Datos!$A33="","",Idiomas!$A$12&" "&ROW()-1))} -> Tarea 33
I35: =IF(Datos!$H34>0,Datos!$H34-Datos!$F34+1 & " " & Idiomas!$A$29,"") | J35: {=IF(OR(Datos!$H34="",Datos!$A34=""),"",IF(AND(Datos!$H34=0,Datos!$G34>0,Fecha_Hoy>Datos!$G34),Fecha_Hoy-Datos!$G34,IF(Datos!$G34<Datos!$H34,Datos!$H34-Datos!$G34,0))& " " & Idiomas!$A$29)} | L35: {=HYPERLINK("["&Archivo_Nombre&"]KANBAN!"&IF(Tareas!$P34="","B2",Tareas!$P34),IF(Datos!$A34="","",Idiomas!$A$12&" "&ROW()-1))} -> Tarea 34
I36: =IF(Datos!$H35>0,Datos!$H35-Datos!$F35+1 & " " & Idiomas!$A$29,"") | J36: {=IF(OR(Datos!$H35="",Datos!$A35=""),"",IF(AND(Datos!$H35=0,Datos!$G35>0,Fecha_Hoy>Datos!$G35),Fecha_Hoy-Datos!$G35,IF(Datos!$G35<Datos!$H35,Datos!$H35-Datos!$G35,0))& " " & Idiomas!$A$29)} | L36: {=HYPERLINK("["&Archivo_Nombre&"]KANBAN!"&IF(Tareas!$P35="","B2",Tareas!$P35),IF(Datos!$A35="","",Idiomas!$A$12&" "&ROW()-1))}
I37: =IF(Datos!$H36>0,Datos!$H36-Datos!$F36+1 & " " & Idiomas!$A$29,"") | J37: {=IF(OR(Datos!$H36="",Datos!$A36=""),"",IF(AND(Datos!$H36=0,Datos!$G36>0,Fecha_Hoy>Datos!$G36),Fecha_Hoy-Datos!$G36,IF(Datos!$G36<Datos!$H36,Datos!$H36-Datos!$G36,0))& " " & Idiomas!$A$29)} | L37: {=HYPERLINK("["&Archivo_Nombre&"]KANBAN!"&IF(Tareas!$P36="","B2",Tareas!$P36),IF(Datos!$A36="","",Idiomas!$A$12&" "&ROW()-1))}
I38: =IF(Datos!$H37>0,Datos!$H37-Datos!$F37+1 & " " & Idiomas!$A$29,"") | J38: {=IF(OR(Datos!$H37="",Datos!$A37=""),"",IF(AND(Datos!$H37=0,Datos!$G37>0,Fecha_Hoy>Datos!$G37),Fecha_Hoy-Datos!$G37,IF(Datos!$G37<Datos!$H37,Datos!$H37-Datos!$G37,0))& " " & Idiomas!$A$29)} | L38: {=HYPERLINK("["&Archivo_Nombre&"]KANBAN!"&IF(Tareas!$P37="","B2",Tareas!$P37),IF(Datos!$A37="","",Idiomas!$A$12&" "&ROW()-1))}
I39: =IF(Datos!$H38>0,Datos!$H38-Datos!$F38+1 & " " & Idiomas!$A$29,"") | J39: {=IF(OR(Datos!$H38="",Datos!$A38=""),"",IF(AND(Datos!$H38=0,Datos!$G38>0,Fecha_Hoy>Datos!$G38),Fecha_Hoy-Datos!$G38,IF(Datos!$G38<Datos!$H38,Datos!$H38-Datos!$G38,0))& " " & Idiomas!$A$29)} | L39: {=HYPERLINK("["&Archivo_Nombre&"]KANBAN!"&IF(Tareas!$P38="","B2",Tareas!$P38),IF(Datos!$A38="","",Idiomas!$A$12&" "&ROW()-1))}
I40: =IF(Datos!$H39>0,Datos!$H39-Datos!$F39+1 & " " & Idiomas!$A$29,"") | J40: {=IF(OR(Datos!$H39="",Datos!$A39=""),"",IF(AND(Datos!$H39=0,Datos!$G39>0,Fecha_Hoy>Datos!$G39),Fecha_Hoy-Datos!$G39,IF(Datos!$G39<Datos!$H39,Datos!$H39-Datos!$G39,0))& " " & Idiomas!$A$29)} | L40: {=HYPERLINK("["&Archivo_Nombre&"]KANBAN!"&IF(Tareas!$P39="","B2",Tareas!$P39),IF(Datos!$A39="","",Idiomas!$A$12&" "&ROW()-1))}
I41: =IF(Datos!$H40>0,Datos!$H40-Datos!$F40+1 & " " & Idiomas!$A$29,"") | J41: {=IF(OR(Datos!$H40="",Datos!$A40=""),"",IF(AND(Datos!$H40=0,Datos!$G40>0,Fecha_Hoy>Datos!$G40),Fecha_Hoy-Datos!$G40,IF(Datos!$G40<Datos!$H40,Datos!$H40-Datos!$G40,0))& " " & Idiomas!$A$29)} | L41: {=HYPERLINK("["&Archivo_Nombre&"]KANBAN!"&IF(Tareas!$P40="","B2",Tareas!$P40),IF(Datos!$A40="","",Idiomas!$A$12&" "&ROW()-1))}
I42: =IF(Datos!$H41>0,Datos!$H41-Datos!$F41+1 & " " & Idiomas!$A$29,"") | J42: {=IF(OR(Datos!$H41="",Datos!$A41=""),"",IF(AND(Datos!$H41=0,Datos!$G41>0,Fecha_Hoy>Datos!$G41),Fecha_Hoy-Datos!$G41,IF(Datos!$G41<Datos!$H41,Datos!$H41-Datos!$G41,0))& " " & Idiomas!$A$29)} | L42: {=HYPERLINK("["&Archivo_Nombre&"]KANBAN!"&IF(Tareas!$P41="","B2",Tareas!$P41),IF(Datos!$A41="","",Idiomas!$A$12&" "&ROW()-1))}
I43: =IF(Datos!$H42>0,Datos!$H42-Datos!$F42+1 & " " & Idiomas!$A$29,"") | J43: {=IF(OR(Datos!$H42="",Datos!$A42=""),"",IF(AND(Datos!$H42=0,Datos!$G42>0,Fecha_Hoy>Datos!$G42),Fecha_Hoy-Datos!$G42,IF(Datos!$G42<Datos!$H42,Datos!$H42-Datos!$G42,0))& " " & Idiomas!$A$29)} | L43: {=HYPERLINK("["&Archivo_Nombre&"]KANBAN!"&IF(Tareas!$P42="","B2",Tareas!$P42),IF(Datos!$A42="","",Idiomas!$A$12&" "&ROW()-1))}
I44: =IF(Datos!$H43>0,Datos!$H43-Datos!$F43+1 & " " & Idiomas!$A$29,"") | J44: {=IF(OR(Datos!$H43="",Datos!$A43=""),"",IF(AND(Datos!$H43=0,Datos!$G43>0,Fecha_Hoy>Datos!$G43),Fecha_Hoy-Datos!$G43,IF(Datos!$G43<Datos!$H43,Datos!$H43-Datos!$G43,0))& " " & Idiomas!$A$29)} | L44: {=HYPERLINK("["&Archivo_Nombre&"]KANBAN!"&IF(Tareas!$P43="","B2",Tareas!$P43),IF(Datos!$A43="","",Idiomas!$A$12&" "&ROW()-1))}
I45: =IF(Datos!$H44>0,Datos!$H44-Datos!$F44+1 & " " & Idiomas!$A$29,"") | J45: {=IF(OR(Datos!$H44="",Datos!$A44=""),"",IF(AND(Datos!$H44=0,Datos!$G44>0,Fecha_Hoy>Datos!$G44),Fecha_Hoy-Datos!$G44,IF(Datos!$G44<Datos!$H44,Datos!$H44-Datos!$G44,0))& " " & Idiomas!$A$29)} | L45: {=HYPERLINK("["&Archivo_Nombre&"]KANBAN!"&IF(Tareas!$P44="","B2",Tareas!$P44),IF(Datos!$A44="","",Idiomas!$A$12&" "&ROW()-1))}
I46: =IF(Datos!$H45>0,Datos!$H45-Datos!$F45+1 & " " & Idiomas!$A$29,"") | J46: {=IF(OR(Datos!$H45="",Datos!$A45=""),"",IF(AND(Datos!$H45=0,Datos!$G45>0,Fecha_Hoy>Datos!$G45),Fecha_Hoy-Datos!$G45,IF(Datos!$G45<Datos!$H45,Datos!$H45-Datos!$G45,0))& " " & Idiomas!$A$29)} | L46: {=HYPERLINK("["&Archivo_Nombre&"]KANBAN!"&IF(Tareas!$P45="","B2",Tareas!$P45),IF(Datos!$A45="","",Idiomas!$A$12&" "&ROW()-1))}
... I85: =IF(Datos!$H84>0,Datos!$H84-Datos!$F84+1 & " " & Idiomas!$A$29,"") | J85: {=IF(OR(Datos!$H84="",Datos!$A84=""),"",IF(AND(Datos!$H84=0,Datos!$G84>0,Fecha_Hoy>Datos!$G84),Fecha_Hoy-Datos!$G84,IF(Datos!$G84<Datos!$H84,Datos!$H84-Datos!$G84,0))& " " & Idiomas!$A$29)} | L85: {=HYPERLINK("["&Archivo_Nombre&"]KANBAN!"&IF(Tareas!$P84="","B2",Tareas!$P84),IF(Datos!$A84="","",Idiomas!$A$12&" "&ROW()-1))}
I86: =IF(Datos!$H86>0,Datos!$H86-Datos!$F86+1 & " " & Idiomas!$A$29,"") | J86: {=IF(OR(Datos!$H86="",Datos!$A86=""),"",IF(AND(Datos!$H86=0,Datos!$G86>0,Fecha_Hoy>Datos!$G86),Fecha_Hoy-Datos!$G86,IF(Datos!$G86<Datos!$H86,Datos!$H86-Datos!$G86,0))& " " & Idiomas!$A$29)} | L86: {=HYPERLINK("["&Archivo_Nombre&"]KANBAN!"&IF(Tareas!$P86="","B2",Tareas!$P86),IF(Datos!$A86="","",Idiomas!$A$12&" "&ROW()-1))}
I87: =IF(Datos!$H87>0,Datos!$H87-Datos!$F87+1 & " " & Idiomas!$A$29,"") | J87: {=IF(OR(Datos!$H87="",Datos!$A87=""),"",IF(AND(Datos!$H87=0,Datos!$G87>0,Fecha_Hoy>Datos!$G87),Fecha_Hoy-Datos!$G87,IF(Datos!$G87<Datos!$H87,Datos!$H87-Datos!$G87,0))& " " & Idiomas!$A$29)} | L87: {=HYPERLINK("["&Archivo_Nombre&"]KANBAN!"&IF(Tareas!$P87="","B2",Tareas!$P87),IF(Datos!$A87="","",Idiomas!$A$12&" "&ROW()-1))}
I88: =IF(Datos!$H88>0,Datos!$H88-Datos!$F88+1 & " " & Idiomas!$A$29,"") | J88: {=IF(OR(Datos!$H88="",Datos!$A88=""),"",IF(AND(Datos!$H88=0,Datos!$G88>0,Fecha_Hoy>Datos!$G88),Fecha_Hoy-Datos!$G88,IF(Datos!$G88<Datos!$H88,Datos!$H88-Datos!$G88,0))& " " & Idiomas!$A$29)} | L88: {=HYPERLINK("["&Archivo_Nombre&"]KANBAN!"&IF(Tareas!$P88="","B2",Tareas!$P88),IF(Datos!$A88="","",Idiomas!$A$12&" "&ROW()-1))}
I89: =IF(Datos!$H89>0,Datos!$H89-Datos!$F89+1 & " " & Idiomas!$A$29,"") | J89: {=IF(OR(Datos!$H89="",Datos!$A89=""),"",IF(AND(Datos!$H89=0,Datos!$G89>0,Fecha_Hoy>Datos!$G89),Fecha_Hoy-Datos!$G89,IF(Datos!$G89<Datos!$H89,Datos!$H89-Datos!$G89,0))& " " & Idiomas!$A$29)} | L89: {=HYPERLINK("["&Archivo_Nombre&"]KANBAN!"&IF(Tareas!$P89="","B2",Tareas!$P89),IF(Datos!$A89="","",Idiomas!$A$12&" "&ROW()-1))}
I90: =IF(Datos!$H90>0,Datos!$H90-Datos!$F90+1 & " " & Idiomas!$A$29,"") | J90: {=IF(OR(Datos!$H90="",Datos!$A90=""),"",IF(AND(Datos!$H90=0,Datos!$G90>0,Fecha_Hoy>Datos!$G90),Fecha_Hoy-Datos!$G90,IF(Datos!$G90<Datos!$H90,Datos!$H90-Datos!$G90,0))& " " & Idiomas!$A$29)} | L90: {=HYPERLINK("["&Archivo_Nombre&"]KANBAN!"&IF(Tareas!$P90="","B2",Tareas!$P90),IF(Datos!$A90="","",Idiomas!$A$12&" "&ROW()-1))}
I91: =IF(Datos!$H91>0,Datos!$H91-Datos!$F91+1 & " " & Idiomas!$A$29,"") | J91: {=IF(OR(Datos!$H91="",Datos!$A91=""),"",IF(AND(Datos!$H91=0,Datos!$G91>0,Fecha_Hoy>Datos!$G91),Fecha_Hoy-Datos!$G91,IF(Datos!$G91<Datos!$H91,Datos!$H91-Datos!$G91,0))& " " & Idiomas!$A$29)} | L91: {=HYPERLINK("["&Archivo_Nombre&"]KANBAN!"&IF(Tareas!$P91="","B2",Tareas!$P91),IF(Datos!$A91="","",Idiomas!$A$12&" "&ROW()-1))}
I92: =IF(Datos!$H92>0,Datos!$H92-Datos!$F92+1 & " " & Idiomas!$A$29,"") | J92: {=IF(OR(Datos!$H92="",Datos!$A92=""),"",IF(AND(Datos!$H92=0,Datos!$G92>0,Fecha_Hoy>Datos!$G92),Fecha_Hoy-Datos!$G92,IF(Datos!$G92<Datos!$H92,Datos!$H92-Datos!$G92,0))& " " & Idiomas!$A$29)} | L92: {=HYPERLINK("["&Archivo_Nombre&"]KANBAN!"&IF(Tareas!$P92="","B2",Tareas!$P92),IF(Datos!$A92="","",Idiomas!$A$12&" "&ROW()-1))}
I93: =IF(Datos!$H93>0,Datos!$H93-Datos!$F93+1 & " " & Idiomas!$A$29,"") | J93: {=IF(OR(Datos!$H93="",Datos!$A93=""),"",IF(AND(Datos!$H93=0,Datos!$G93>0,Fecha_Hoy>Datos!$G93),Fecha_Hoy-Datos!$G93,IF(Datos!$G93<Datos!$H93,Datos!$H93-Datos!$G93,0))& " " & Idiomas!$A$29)} | L93: {=HYPERLINK("["&Archivo_Nombre&"]KANBAN!"&IF(Tareas!$P93="","B2",Tareas!$P93),IF(Datos!$A93="","",Idiomas!$A$12&" "&ROW()-1))}
I94: =IF(Datos!$H94>0,Datos!$H94-Datos!$F94+1 & " " & Idiomas!$A$29,"") | J94: {=IF(OR(Datos!$H94="",Datos!$A94=""),"",IF(AND(Datos!$H94=0,Datos!$G94>0,Fecha_Hoy>Datos!$G94),Fecha_Hoy-Datos!$G94,IF(Datos!$G94<Datos!$H94,Datos!$H94-Datos!$G94,0))& " " & Idiomas!$A$29)} | L94: {=HYPERLINK("["&Archivo_Nombre&"]KANBAN!"&IF(Tareas!$P94="","B2",Tareas!$P94),IF(Datos!$A94="","",Idiomas!$A$12&" "&ROW()-1))}
I95: =IF(Datos!$H95>0,Datos!$H95-Datos!$F95+1 & " " & Idiomas!$A$29,"") | J95: {=IF(OR(Datos!$H95="",Datos!$A95=""),"",IF(AND(Datos!$H95=0,Datos!$G95>0,Fecha_Hoy>Datos!$G95),Fecha_Hoy-Datos!$G95,IF(Datos!$G95<Datos!$H95,Datos!$H95-Datos!$G95,0))& " " & Idiomas!$A$29)} | L95: {=HYPERLINK("["&Archivo_Nombre&"]KANBAN!"&IF(Tareas!$P95="","B2",Tareas!$P95),IF(Datos!$A95="","",Idiomas!$A$12&" "&ROW()-1))}
I96: =IF(Datos!$H96>0,Datos!$H96-Datos!$F96+1 & " " & Idiomas!$A$29,"") | J96: {=IF(OR(Datos!$H96="",Datos!$A96=""),"",IF(AND(Datos!$H96=0,Datos!$G96>0,Fecha_Hoy>Datos!$G96),Fecha_Hoy-Datos!$G96,IF(Datos!$G96<Datos!$H96,Datos!$H96-Datos!$G96,0))& " " & Idiomas!$A$29)} | L96: {=HYPERLINK("["&Archivo_Nombre&"]KANBAN!"&IF(Tareas!$P96="","B2",Tareas!$P96),IF(Datos!$A96="","",Idiomas!$A$12&" "&ROW()-1))}
I97: =IF(Datos!$H97>0,Datos!$H97-Datos!$F97+1 & " " & Idiomas!$A$29,"") | J97: {=IF(OR(Datos!$H97="",Datos!$A97=""),"",IF(AND(Datos!$H97=0,Datos!$G97>0,Fecha_Hoy>Datos!$G97),Fecha_Hoy-Datos!$G97,IF(Datos!$G97<Datos!$H97,Datos!$H97-Datos!$G97,0))& " " & Idiomas!$A$29)} | L97: {=HYPERLINK("["&Archivo_Nombre&"]KANBAN!"&IF(Tareas!$P97="","B2",Tareas!$P97),IF(Datos!$A97="","",Idiomas!$A$12&" "&ROW()-1))}
... I101: =IF(Datos!$H101>0,Datos!$H101-Datos!$F101+1 & " " & Idiomas!$A$29,"") | J101: {=IF(OR(Datos!$H101="",Datos!$A101=""),"",IF(AND(Datos!$H101=0,Datos!$G101>0,Fecha_Hoy>Datos!$G101),Fecha_Hoy-Datos!$G101,IF(Datos!$G101<Datos!$H101,Datos!$H101-Datos!$G101,0))& " " & Idiomas!$A$29)} | L101: {=HYPERLINK("["&Archivo_Nombre&"]KANBAN!"&IF(Tareas!$P101="","B2",Tareas!$P101),IF(Datos!$A101="","",Idiomas!$A$12&" "&ROW()-1))}

Sheet Configura
B2: =" " & Idiomas!$A$2 & " v3 ©️ " -> Tablero KANBAN v3 ©️ | E2: Blog: | F2: =Idiomas!$A$2 & " | #ExcelPedroWave" -> Tablero KANBAN | #ExcelPedroWave
E3: YouTube: | F3: Excel Pedro Wave - YouTube
B4: =Idiomas!$A$3 -> Idioma | E4: COPYRIGHT: | F4: CC BY-NC-SA 4.0
B5: Español
B6: =Idiomas!$A$4 & " " & Idiomas!$A$5 & " " & Idiomas!A$6 -> AVISO: Es preciso traducir Estados y Criticidad
B8: =Idiomas!$A$7 -> Estados | D8: =Idiomas!$A$8 -> Criticidad | F8: =Idiomas!$A$9 -> Miembros del equipo | H8: =Idiomas!$A$30 -> Orden en tarjetas | I8: #
B9: POR HACER | D9: URGENTE | F9: Alejandro De La Cruz | H9: =Idiomas!$A$12 -> Tarea | I9: 1
B10: EN PROGRESO | D10: IMPORTANTE | F10: Santiago Nogales | H10: =Idiomas!$A$13 -> Descripción | I10: 2
B11: EN ESPERA | D11: NORMAL | F11: Ian Escobar | H11: =Idiomas!$A$14 -> Inicio | I11: 3
B12: COMPLETADO | F12: Todos | H12: =Idiomas!$A$15 -> Previsto | I12: 4
B13: ARCHIVADO | H13: =Idiomas!$A$16 -> Final | I13: 5
B14: POR HACER | H14: =Idiomas!$A$17 -> Duración | I14: 6
B15: EN PROGRESO | H15: =Idiomas!$A$18 -> Retraso | I15: 7
H16: =Idiomas!$A$19 -> Asignado | I16: 8
H17: =Idiomas!$A$4 -> AVISO: | I17: á
H18: =Idiomas!$A$31 -> Cambiar números del 2 al 8
B19: =Idiomas!$A$10 -> Estado final | H19: =Idiomas!$A$32 -> No duplicar los números
B20: EN ESPERA
B22: =Idiomas!$A$11 -> Nombre archivo en Excel para la Web
B23: Tablero Kanban_G2.xlsx

Sheet Tareas
A1: =Idiomas!$A$12 -> Tarea | B1: ="#"&Idiomas!$A$7 -> #Estados | C1: ="#"&Idiomas!$A$8 -> #Criticidad | D1: =Idiomas!$A$20 -> Filtro | E1: C | F1: H | G1: M | H1: R | I1: W | J1: AB | K1: AG | L1: AL | M1: AQ | N1: AV | O1: =Idiomas!$A$21 -> Celda | P1: Kanban
A2: =IFERROR(IF(Datos!$A2="","",Idiomas!$A$12&" "&ROW()-1),"") -> Tarea 1 | B2: =IFERROR(MATCH(Datos!$A2,Configura!$B$9:$B$18,0),0) -> 2 | C2: =IFERROR(MATCH(Datos!$B2,Configura!$D$9:$D$11,0),0) -> 2 | D2: {=IF(AND(Datos!$A2<>"", OR(miCriticidad="",miCriticidad=$C2), OR(miAsignado="",miAsignado=Datos!$K2), OR(miFechaInicio="",Datos!$F2="",Datos!$F2>=miFechaInicio), OR(miTexto="",IFERROR(SEARCH(miTexto,Datos!$D2),0)>0,IFERROR(SEARCH(miTexto,Datos!$E2),0)>0), OR(miRetraso="",IFERROR(--LEFT(Datos!$J2,FIND(" ",Datos!$J2)-1),0)>miRetraso), OR(miDuración="",IFERROR(--LEFT(Datos!$I2,FIND(" ",Datos!$I2)-1),0)>miDuración)), 1,0)} -> 1 | E2: =IFERROR(E$1&"-"&MATCH($A2&":",INDIRECT("KANBAN!"&E$1&":"&E$1),0),"") | F2: =IFERROR(F$1&"-"&MATCH($A2&":",INDIRECT("KANBAN!"&F$1&":"&F$1),0),"") | G2: =IFERROR(G$1&"-"&MATCH($A2&":",INDIRECT("KANBAN!"&G$1&":"&G$1),0),"") | H2: =IFERROR(H$1&"-"&MATCH($A2&":",INDIRECT("KANBAN!"&H$1&":"&H$1),0),"") | I2: =IFERROR(I$1&"-"&MATCH($A2&":",INDIRECT("KANBAN!"&I$1&":"&I$1),0),"") | J2: =IFERROR(J$1&"-"&MATCH($A2&":",INDIRECT("KANBAN!"&J$1&":"&J$1),0),"") | K2: =IFERROR(K$1&"-"&MATCH($A2&":",INDIRECT("KANBAN!"&K$1&":"&K$1),0),"") | L2: =IFERROR(L$1&"-"&MATCH($A2&":",INDIRECT("KANBAN!"&L$1&":"&L$1),0),"") | ... N2: =IFERROR(N$1&"-"&MATCH($A2&":",INDIRECT("KANBAN!"&N$1&":"&N$1),0),"") | O2: =E2&F2&G2&H2&I2&J2&K2&L2&M2&N2 | P2: {=IFERROR(LEFT($O2,FIND("-",$O2)-1) & SUBSTITUTE($O2,LEFT($O2,FIND("-",$O2)-1) &"-","") & ":" & LEFT($O2,FIND("-",$O2)-1) & SUBSTITUTE($O2,LEFT($O2,FIND("-",$O2)-1) &"-","")+misLíneas-3,"")}
A3: =IFERROR(IF(Datos!$A3="","",Idiomas!$A$12&" "&ROW()-1),"") -> Tarea 2 | B3: =IFERROR(MATCH(Datos!$A3,Configura!$B$9:$B$18,0),0) -> 4 | C3: =IFERROR(MATCH(Datos!$B3,Configura!$D$9:$D$11,0),0) -> 2 | D3: {=IF(AND(Datos!$A3<>"", OR(miCriticidad="",miCriticidad=$C3), OR(miAsignado="",miAsignado=Datos!$K3), OR(miFechaInicio="",Datos!$F3="",Datos!$F3>=miFechaInicio), OR(miTexto="",IFERROR(SEARCH(miTexto,Datos!$D3),0)>0,IFERROR(SEARCH(miTexto,Datos!$E3),0)>0), OR(miRetraso="",IFERROR(--LEFT(Datos!$J3,FIND(" ",Datos!$J3)-1),0)>miRetraso), OR(miDuración="",IFERROR(--LEFT(Datos!$I3,FIND(" ",Datos!$I3)-1),0)>miDuración)), 1,0)} -> 1 | E3: =IFERROR(E$1&"-"&MATCH($A3&":",INDIRECT("KANBAN!"&E$1&":"&E$1),0),"") | F3: =IFERROR(F$1&"-"&MATCH($A3&":",INDIRECT("KANBAN!"&F$1&":"&F$1),0),"") | G3: =IFERROR(G$1&"-"&MATCH($A3&":",INDIRECT("KANBAN!"&G$1&":"&G$1),0),"") | H3: =IFERROR(H$1&"-"&MATCH($A3&":",INDIRECT("KANBAN!"&H$1&":"&H$1),0),"") | I3: =IFERROR(I$1&"-"&MATCH($A3&":",INDIRECT("KANBAN!"&I$1&":"&I$1),0),"") | J3: =IFERROR(J$1&"-"&MATCH($A3&":",INDIRECT("KANBAN!"&J$1&":"&J$1),0),"") | K3: =IFERROR(K$1&"-"&MATCH($A3&":",INDIRECT("KANBAN!"&K$1&":"&K$1),0),"") | L3: =IFERROR(L$1&"-"&MATCH($A3&":",INDIRECT("KANBAN!"&L$1&":"&L$1),0),"") | ... N3: =IFERROR(N$1&"-"&MATCH($A3&":",INDIRECT("KANBAN!"&N$1&":"&N$1),0),"") | O3: =E3&F3&G3&H3&I3&J3&K3&L3&M3&N3 | P3: {=IFERROR(LEFT($O3,FIND("-",$O3)-1) & SUBSTITUTE($O3,LEFT($O3,FIND("-",$O3)-1) &"-","") & ":" & LEFT($O3,FIND("-",$O3)-1) & SUBSTITUTE($O3,LEFT($O3,FIND("-",$O3)-1) &"-","")+misLíneas-3,"")}
A4: =IFERROR(IF(Datos!$A4="","",Idiomas!$A$12&" "&ROW()-1),"") -> Tarea 3 | B4: =IFERROR(MATCH(Datos!$A4,Configura!$B$9:$B$18,0),0) -> 4 | C4: =IFERROR(MATCH(Datos!$B4,Configura!$D$9:$D$11,0),0) -> 3 | D4: {=IF(AND(Datos!$A4<>"", OR(miCriticidad="",miCriticidad=$C4), OR(miAsignado="",miAsignado=Datos!$K4), OR(miFechaInicio="",Datos!$F4="",Datos!$F4>=miFechaInicio), OR(miTexto="",IFERROR(SEARCH(miTexto,Datos!$D4),0)>0,IFERROR(SEARCH(miTexto,Datos!$E4),0)>0), OR(miRetraso="",IFERROR(--LEFT(Datos!$J4,FIND(" ",Datos!$J4)-1),0)>miRetraso), OR(miDuración="",IFERROR(--LEFT(Datos!$I4,FIND(" ",Datos!$I4)-1),0)>miDuración)), 1,0)} -> 1 | E4: =IFERROR(E$1&"-"&MATCH($A4&":",INDIRECT("KANBAN!"&E$1&":"&E$1),0),"") | F4: =IFERROR(F$1&"-"&MATCH($A4&":",INDIRECT("KANBAN!"&F$1&":"&F$1),0),"") | G4: =IFERROR(G$1&"-"&MATCH($A4&":",INDIRECT("KANBAN!"&G$1&":"&G$1),0),"") | H4: =IFERROR(H$1&"-"&MATCH($A4&":",INDIRECT("KANBAN!"&H$1&":"&H$1),0),"") | I4: =IFERROR(I$1&"-"&MATCH($A4&":",INDIRECT("KANBAN!"&I$1&":"&I$1),0),"") | J4: =IFERROR(J$1&"-"&MATCH($A4&":",INDIRECT("KANBAN!"&J$1&":"&J$1),0),"") | K4: =IFERROR(K$1&"-"&MATCH($A4&":",INDIRECT("KANBAN!"&K$1&":"&K$1),0),"") | L4: =IFERROR(L$1&"-"&MATCH($A4&":",INDIRECT("KANBAN!"&L$1&":"&L$1),0),"") | ... N4: =IFERROR(N$1&"-"&MATCH($A4&":",INDIRECT("KANBAN!"&N$1&":"&N$1),0),"") | O4: =E4&F4&G4&H4&I4&J4&K4&L4&M4&N4 | P4: {=IFERROR(LEFT($O4,FIND("-",$O4)-1) & SUBSTITUTE($O4,LEFT($O4,FIND("-",$O4)-1) &"-","") & ":" & LEFT($O4,FIND("-",$O4)-1) & SUBSTITUTE($O4,LEFT($O4,FIND("-",$O4)-1) &"-","")+misLíneas-3,"")}
A5: =IFERROR(IF(Datos!$A5="","",Idiomas!$A$12&" "&ROW()-1),"") -> Tarea 4 | B5: =IFERROR(MATCH(Datos!$A5,Configura!$B$9:$B$18,0),0) -> 4 | C5: =IFERROR(MATCH(Datos!$B5,Configura!$D$9:$D$11,0),0) -> 2 | D5: {=IF(AND(Datos!$A5<>"", OR(miCriticidad="",miCriticidad=$C5), OR(miAsignado="",miAsignado=Datos!$K5), OR(miFechaInicio="",Datos!$F5="",Datos!$F5>=miFechaInicio), OR(miTexto="",IFERROR(SEARCH(miTexto,Datos!$D5),0)>0,IFERROR(SEARCH(miTexto,Datos!$E5),0)>0), OR(miRetraso="",IFERROR(--LEFT(Datos!$J5,FIND(" ",Datos!$J5)-1),0)>miRetraso), OR(miDuración="",IFERROR(--LEFT(Datos!$I5,FIND(" ",Datos!$I5)-1),0)>miDuración)), 1,0)} -> 1 | E5: =IFERROR(E$1&"-"&MATCH($A5&":",INDIRECT("KANBAN!"&E$1&":"&E$1),0),"") | F5: =IFERROR(F$1&"-"&MATCH($A5&":",INDIRECT("KANBAN!"&F$1&":"&F$1),0),"") | G5: =IFERROR(G$1&"-"&MATCH($A5&":",INDIRECT("KANBAN!"&G$1&":"&G$1),0),"") | H5: =IFERROR(H$1&"-"&MATCH($A5&":",INDIRECT("KANBAN!"&H$1&":"&H$1),0),"") | I5: =IFERROR(I$1&"-"&MATCH($A5&":",INDIRECT("KANBAN!"&I$1&":"&I$1),0),"") | J5: =IFERROR(J$1&"-"&MATCH($A5&":",INDIRECT("KANBAN!"&J$1&":"&J$1),0),"") | K5: =IFERROR(K$1&"-"&MATCH($A5&":",INDIRECT("KANBAN!"&K$1&":"&K$1),0),"") | L5: =IFERROR(L$1&"-"&MATCH($A5&":",INDIRECT("KANBAN!"&L$1&":"&L$1),0),"") | ... N5: =IFERROR(N$1&"-"&MATCH($A5&":",INDIRECT("KANBAN!"&N$1&":"&N$1),0),"") | O5: =E5&F5&G5&H5&I5&J5&K5&L5&M5&N5 | P5: {=IFERROR(LEFT($O5,FIND("-",$O5)-1) & SUBSTITUTE($O5,LEFT($O5,FIND("-",$O5)-1) &"-","") & ":" & LEFT($O5,FIND("-",$O5)-1) & SUBSTITUTE($O5,LEFT($O5,FIND("-",$O5)-1) &"-","")+misLíneas-3,"")}
A6: =IFERROR(IF(Datos!$A6="","",Idiomas!$A$12&" "&ROW()-1),"") -> Tarea 5 | B6: =IFERROR(MATCH(Datos!$A6,Configura!$B$9:$B$18,0),0) -> 4 | C6: =IFERROR(MATCH(Datos!$B6,Configura!$D$9:$D$11,0),0) -> 3 | D6: {=IF(AND(Datos!$A6<>"", OR(miCriticidad="",miCriticidad=$C6), OR(miAsignado="",miAsignado=Datos!$K6), OR(miFechaInicio="",Datos!$F6="",Datos!$F6>=miFechaInicio), OR(miTexto="",IFERROR(SEARCH(miTexto,Datos!$D6),0)>0,IFERROR(SEARCH(miTexto,Datos!$E6),0)>0), OR(miRetraso="",IFERROR(--LEFT(Datos!$J6,FIND(" ",Datos!$J6)-1),0)>miRetraso), OR(miDuración="",IFERROR(--LEFT(Datos!$I6,FIND(" ",Datos!$I6)-1),0)>miDuración)), 1,0)} -> 1 | E6: =IFERROR(E$1&"-"&MATCH($A6&":",INDIRECT("KANBAN!"&E$1&":"&E$1),0),"") | F6: =IFERROR(F$1&"-"&MATCH($A6&":",INDIRECT("KANBAN!"&F$1&":"&F$1),0),"") | G6: =IFERROR(G$1&"-"&MATCH($A6&":",INDIRECT("KANBAN!"&G$1&":"&G$1),0),"") | H6: =IFERROR(H$1&"-"&MATCH($A6&":",INDIRECT("KANBAN!"&H$1&":"&H$1),0),"") | I6: =IFERROR(I$1&"-"&MATCH($A6&":",INDIRECT("KANBAN!"&I$1&":"&I$1),0),"") | J6: =IFERROR(J$1&"-"&MATCH($A6&":",INDIRECT("KANBAN!"&J$1&":"&J$1),0),"") | K6: =IFERROR(K$1&"-"&MATCH($A6&":",INDIRECT("KANBAN!"&K$1&":"&K$1),0),"") | L6: =IFERROR(L$1&"-"&MATCH($A6&":",INDIRECT("KANBAN!"&L$1&":"&L$1),0),"") | ... N6: =IFERROR(N$1&"-"&MATCH($A6&":",INDIRECT("KANBAN!"&N$1&":"&N$1),0),"") | O6: =E6&F6&G6&H6&I6&J6&K6&L6&M6&N6 | P6: {=IFERROR(LEFT($O6,FIND("-",$O6)-1) & SUBSTITUTE($O6,LEFT($O6,FIND("-",$O6)-1) &"-","") & ":" & LEFT($O6,FIND("-",$O6)-1) & SUBSTITUTE($O6,LEFT($O6,FIND("-",$O6)-1) &"-","")+misLíneas-3,"")}
A7: =IFERROR(IF(Datos!$A7="","",Idiomas!$A$12&" "&ROW()-1),"") -> Tarea 6 | B7: =IFERROR(MATCH(Datos!$A7,Configura!$B$9:$B$18,0),0) -> 4 | C7: =IFERROR(MATCH(Datos!$B7,Configura!$D$9:$D$11,0),0) -> 2 | D7: {=IF(AND(Datos!$A7<>"", OR(miCriticidad="",miCriticidad=$C7), OR(miAsignado="",miAsignado=Datos!$K7), OR(miFechaInicio="",Datos!$F7="",Datos!$F7>=miFechaInicio), OR(miTexto="",IFERROR(SEARCH(miTexto,Datos!$D7),0)>0,IFERROR(SEARCH(miTexto,Datos!$E7),0)>0), OR(miRetraso="",IFERROR(--LEFT(Datos!$J7,FIND(" ",Datos!$J7)-1),0)>miRetraso), OR(miDuración="",IFERROR(--LEFT(Datos!$I7,FIND(" ",Datos!$I7)-1),0)>miDuración)), 1,0)} -> 1 | E7: =IFERROR(E$1&"-"&MATCH($A7&":",INDIRECT("KANBAN!"&E$1&":"&E$1),0),"") | F7: =IFERROR(F$1&"-"&MATCH($A7&":",INDIRECT("KANBAN!"&F$1&":"&F$1),0),"") | G7: =IFERROR(G$1&"-"&MATCH($A7&":",INDIRECT("KANBAN!"&G$1&":"&G$1),0),"") | H7: =IFERROR(H$1&"-"&MATCH($A7&":",INDIRECT("KANBAN!"&H$1&":"&H$1),0),"") | I7: =IFERROR(I$1&"-"&MATCH($A7&":",INDIRECT("KANBAN!"&I$1&":"&I$1),0),"") | J7: =IFERROR(J$1&"-"&MATCH($A7&":",INDIRECT("KANBAN!"&J$1&":"&J$1),0),"") | K7: =IFERROR(K$1&"-"&MATCH($A7&":",INDIRECT("KANBAN!"&K$1&":"&K$1),0),"") | L7: =IFERROR(L$1&"-"&MATCH($A7&":",INDIRECT("KANBAN!"&L$1&":"&L$1),0),"") | ... N7: =IFERROR(N$1&"-"&MATCH($A7&":",INDIRECT("KANBAN!"&N$1&":"&N$1),0),"") | O7: =E7&F7&G7&H7&I7&J7&K7&L7&M7&N7 | P7: {=IFERROR(LEFT($O7,FIND("-",$O7)-1) & SUBSTITUTE($O7,LEFT($O7,FIND("-",$O7)-1) &"-","") & ":" & LEFT($O7,FIND("-",$O7)-1) & SUBSTITUTE($O7,LEFT($O7,FIND("-",$O7)-1) &"-","")+misLíneas-3,"")}
A8: =IFERROR(IF(Datos!$A8="","",Idiomas!$A$12&" "&ROW()-1),"") -> Tarea 7 | B8: =IFERROR(MATCH(Datos!$A8,Configura!$B$9:$B$18,0),0) -> 4 | C8: =IFERROR(MATCH(Datos!$B8,Configura!$D$9:$D$11,0),0) -> 3 | D8: {=IF(AND(Datos!$A8<>"", OR(miCriticidad="",miCriticidad=$C8), OR(miAsignado="",miAsignado=Datos!$K8), OR(miFechaInicio="",Datos!$F8="",Datos!$F8>=miFechaInicio), OR(miTexto="",IFERROR(SEARCH(miTexto,Datos!$D8),0)>0,IFERROR(SEARCH(miTexto,Datos!$E8),0)>0), OR(miRetraso="",IFERROR(--LEFT(Datos!$J8,FIND(" ",Datos!$J8)-1),0)>miRetraso), OR(miDuración="",IFERROR(--LEFT(Datos!$I8,FIND(" ",Datos!$I8)-1),0)>miDuración)), 1,0)} -> 1 | E8: =IFERROR(E$1&"-"&MATCH($A8&":",INDIRECT("KANBAN!"&E$1&":"&E$1),0),"") | F8: =IFERROR(F$1&"-"&MATCH($A8&":",INDIRECT("KANBAN!"&F$1&":"&F$1),0),"") | G8: =IFERROR(G$1&"-"&MATCH($A8&":",INDIRECT("KANBAN!"&G$1&":"&G$1),0),"") | H8: =IFERROR(H$1&"-"&MATCH($A8&":",INDIRECT("KANBAN!"&H$1&":"&H$1),0),"") | I8: =IFERROR(I$1&"-"&MATCH($A8&":",INDIRECT("KANBAN!"&I$1&":"&I$1),0),"") | J8: =IFERROR(J$1&"-"&MATCH($A8&":",INDIRECT("KANBAN!"&J$1&":"&J$1),0),"") | K8: =IFERROR(K$1&"-"&MATCH($A8&":",INDIRECT("KANBAN!"&K$1&":"&K$1),0),"") | L8: =IFERROR(L$1&"-"&MATCH($A8&":",INDIRECT("KANBAN!"&L$1&":"&L$1),0),"") | ... N8: =IFERROR(N$1&"-"&MATCH($A8&":",INDIRECT("KANBAN!"&N$1&":"&N$1),0),"") | O8: =E8&F8&G8&H8&I8&J8&K8&L8&M8&N8 | P8: {=IFERROR(LEFT($O8,FIND("-",$O8)-1) & SUBSTITUTE($O8,LEFT($O8,FIND("-",$O8)-1) &"-","") & ":" & LEFT($O8,FIND("-",$O8)-1) & SUBSTITUTE($O8,LEFT($O8,FIND("-",$O8)-1) &"-","")+misLíneas-3,"")}
A9: =IFERROR(IF(Datos!$A9="","",Idiomas!$A$12&" "&ROW()-1),"") -> Tarea 8 | B9: =IFERROR(MATCH(Datos!$A9,Configura!$B$9:$B$18,0),0) -> 4 | C9: =IFERROR(MATCH(Datos!$B9,Configura!$D$9:$D$11,0),0) -> 3 | D9: {=IF(AND(Datos!$A9<>"", OR(miCriticidad="",miCriticidad=$C9), OR(miAsignado="",miAsignado=Datos!$K9), OR(miFechaInicio="",Datos!$F9="",Datos!$F9>=miFechaInicio), OR(miTexto="",IFERROR(SEARCH(miTexto,Datos!$D9),0)>0,IFERROR(SEARCH(miTexto,Datos!$E9),0)>0), OR(miRetraso="",IFERROR(--LEFT(Datos!$J9,FIND(" ",Datos!$J9)-1),0)>miRetraso), OR(miDuración="",IFERROR(--LEFT(Datos!$I9,FIND(" ",Datos!$I9)-1),0)>miDuración)), 1,0)} -> 1 | E9: =IFERROR(E$1&"-"&MATCH($A9&":",INDIRECT("KANBAN!"&E$1&":"&E$1),0),"") | F9: =IFERROR(F$1&"-"&MATCH($A9&":",INDIRECT("KANBAN!"&F$1&":"&F$1),0),"") | G9: =IFERROR(G$1&"-"&MATCH($A9&":",INDIRECT("KANBAN!"&G$1&":"&G$1),0),"") | H9: =IFERROR(H$1&"-"&MATCH($A9&":",INDIRECT("KANBAN!"&H$1&":"&H$1),0),"") | I9: =IFERROR(I$1&"-"&MATCH($A9&":",INDIRECT("KANBAN!"&I$1&":"&I$1),0),"") | J9: =IFERROR(J$1&"-"&MATCH($A9&":",INDIRECT("KANBAN!"&J$1&":"&J$1),0),"") | K9: =IFERROR(K$1&"-"&MATCH($A9&":",INDIRECT("KANBAN!"&K$1&":"&K$1),0),"") | L9: =IFERROR(L$1&"-"&MATCH($A9&":",INDIRECT("KANBAN!"&L$1&":"&L$1),0),"") | ... N9: =IFERROR(N$1&"-"&MATCH($A9&":",INDIRECT("KANBAN!"&N$1&":"&N$1),0),"") | O9: =E9&F9&G9&H9&I9&J9&K9&L9&M9&N9 | P9: {=IFERROR(LEFT($O9,FIND("-",$O9)-1) & SUBSTITUTE($O9,LEFT($O9,FIND("-",$O9)-1) &"-","") & ":" & LEFT($O9,FIND("-",$O9)-1) & SUBSTITUTE($O9,LEFT($O9,FIND("-",$O9)-1) &"-","")+misLíneas-3,"")}
A10: =IFERROR(IF(Datos!$A10="","",Idiomas!$A$12&" "&ROW()-1),"") -> Tarea 9 | B10: =IFERROR(MATCH(Datos!$A10,Configura!$B$9:$B$18,0),0) -> 4 | C10: =IFERROR(MATCH(Datos!$B10,Configura!$D$9:$D$11,0),0) -> 2 | D10: {=IF(AND(Datos!$A10<>"", OR(miCriticidad="",miCriticidad=$C10), OR(miAsignado="",miAsignado=Datos!$K10), OR(miFechaInicio="",Datos!$F10="",Datos!$F10>=miFechaInicio), OR(miTexto="",IFERROR(SEARCH(miTexto,Datos!$D10),0)>0,IFERROR(SEARCH(miTexto,Datos!$E10),0)>0), OR(miRetraso="",IFERROR(--LEFT(Datos!$J10,FIND(" ",Datos!$J10)-1),0)>miRetraso), OR(miDuración="",IFERROR(--LEFT(Datos!$I10,FIND(" ",Datos!$I10)-1),0)>miDuración)), 1,0)} -> 1 | E10: =IFERROR(E$1&"-"&MATCH($A10&":",INDIRECT("KANBAN!"&E$1&":"&E$1),0),"") | F10: =IFERROR(F$1&"-"&MATCH($A10&":",INDIRECT("KANBAN!"&F$1&":"&F$1),0),"") | G10: =IFERROR(G$1&"-"&MATCH($A10&":",INDIRECT("KANBAN!"&G$1&":"&G$1),0),"") | H10: =IFERROR(H$1&"-"&MATCH($A10&":",INDIRECT("KANBAN!"&H$1&":"&H$1),0),"") | I10: =IFERROR(I$1&"-"&MATCH($A10&":",INDIRECT("KANBAN!"&I$1&":"&I$1),0),"") | J10: =IFERROR(J$1&"-"&MATCH($A10&":",INDIRECT("KANBAN!"&J$1&":"&J$1),0),"") | K10: =IFERROR(K$1&"-"&MATCH($A10&":",INDIRECT("KANBAN!"&K$1&":"&K$1),0),"") | L10: =IFERROR(L$1&"-"&MATCH($A10&":",INDIRECT("KANBAN!"&L$1&":"&L$1),0),"") | ... N10: =IFERROR(N$1&"-"&MATCH($A10&":",INDIRECT("KANBAN!"&N$1&":"&N$1),0),"") | O10: =E10&F10&G10&H10&I10&J10&K10&L10&M10&N10 | P10: {=IFERROR(LEFT($O10,FIND("-",$O10)-1) & SUBSTITUTE($O10,LEFT($O10,FIND("-",$O10)-1) &"-","") & ":" & LEFT($O10,FIND("-",$O10)-1) & SUBSTITUTE($O10,LEFT($O10,FIND("-",$O10)-1) &"-","")+misLíneas-3,"")}
A11: =IFERROR(IF(Datos!$A11="","",Idiomas!$A$12&" "&ROW()-1),"") -> Tarea 10 | B11: =IFERROR(MATCH(Datos!$A11,Configura!$B$9:$B$18,0),0) -> 2 | C11: =IFERROR(MATCH(Datos!$B11,Configura!$D$9:$D$11,0),0) -> 2 | D11: {=IF(AND(Datos!$A11<>"", OR(miCriticidad="",miCriticidad=$C11), OR(miAsignado="",miAsignado=Datos!$K11), OR(miFechaInicio="",Datos!$F11="",Datos!$F11>=miFechaInicio), OR(miTexto="",IFERROR(SEARCH(miTexto,Datos!$D11),0)>0,IFERROR(SEARCH(miTexto,Datos!$E11),0)>0), OR(miRetraso="",IFERROR(--LEFT(Datos!$J11,FIND(" ",Datos!$J11)-1),0)>miRetraso), OR(miDuración="",IFERROR(--LEFT(Datos!$I11,FIND(" ",Datos!$I11)-1),0)>miDuración)), 1,0)} -> 1 | E11: =IFERROR(E$1&"-"&MATCH($A11&":",INDIRECT("KANBAN!"&E$1&":"&E$1),0),"") | F11: =IFERROR(F$1&"-"&MATCH($A11&":",INDIRECT("KANBAN!"&F$1&":"&F$1),0),"") | G11: =IFERROR(G$1&"-"&MATCH($A11&":",INDIRECT("KANBAN!"&G$1&":"&G$1),0),"") | H11: =IFERROR(H$1&"-"&MATCH($A11&":",INDIRECT("KANBAN!"&H$1&":"&H$1),0),"") | I11: =IFERROR(I$1&"-"&MATCH($A11&":",INDIRECT("KANBAN!"&I$1&":"&I$1),0),"") | J11: =IFERROR(J$1&"-"&MATCH($A11&":",INDIRECT("KANBAN!"&J$1&":"&J$1),0),"") | K11: =IFERROR(K$1&"-"&MATCH($A11&":",INDIRECT("KANBAN!"&K$1&":"&K$1),0),"") | L11: =IFERROR(L$1&"-"&MATCH($A11&":",INDIRECT("KANBAN!"&L$1&":"&L$1),0),"") | ... N11: =IFERROR(N$1&"-"&MATCH($A11&":",INDIRECT("KANBAN!"&N$1&":"&N$1),0),"") | O11: =E11&F11&G11&H11&I11&J11&K11&L11&M11&N11 | P11: {=IFERROR(LEFT($O11,FIND("-",$O11)-1) & SUBSTITUTE($O11,LEFT($O11,FIND("-",$O11)-1) &"-","") & ":" & LEFT($O11,FIND("-",$O11)-1) & SUBSTITUTE($O11,LEFT($O11,FIND("-",$O11)-1) &"-","")+misLíneas-3,"")}
A12: =IFERROR(IF(Datos!$A12="","",Idiomas!$A$12&" "&ROW()-1),"") -> Tarea 11 | B12: =IFERROR(MATCH(Datos!$A12,Configura!$B$9:$B$18,0),0) -> 4 | C12: =IFERROR(MATCH(Datos!$B12,Configura!$D$9:$D$11,0),0) -> 2 | D12: {=IF(AND(Datos!$A12<>"", OR(miCriticidad="",miCriticidad=$C12), OR(miAsignado="",miAsignado=Datos!$K12), OR(miFechaInicio="",Datos!$F12="",Datos!$F12>=miFechaInicio), OR(miTexto="",IFERROR(SEARCH(miTexto,Datos!$D12),0)>0,IFERROR(SEARCH(miTexto,Datos!$E12),0)>0), OR(miRetraso="",IFERROR(--LEFT(Datos!$J12,FIND(" ",Datos!$J12)-1),0)>miRetraso), OR(miDuración="",IFERROR(--LEFT(Datos!$I12,FIND(" ",Datos!$I12)-1),0)>miDuración)), 1,0)} -> 1 | E12: =IFERROR(E$1&"-"&MATCH($A12&":",INDIRECT("KANBAN!"&E$1&":"&E$1),0),"") | F12: =IFERROR(F$1&"-"&MATCH($A12&":",INDIRECT("KANBAN!"&F$1&":"&F$1),0),"") | G12: =IFERROR(G$1&"-"&MATCH($A12&":",INDIRECT("KANBAN!"&G$1&":"&G$1),0),"") | H12: =IFERROR(H$1&"-"&MATCH($A12&":",INDIRECT("KANBAN!"&H$1&":"&H$1),0),"") | I12: =IFERROR(I$1&"-"&MATCH($A12&":",INDIRECT("KANBAN!"&I$1&":"&I$1),0),"") | J12: =IFERROR(J$1&"-"&MATCH($A12&":",INDIRECT("KANBAN!"&J$1&":"&J$1),0),"") | K12: =IFERROR(K$1&"-"&MATCH($A12&":",INDIRECT("KANBAN!"&K$1&":"&K$1),0),"") | L12: =IFERROR(L$1&"-"&MATCH($A12&":",INDIRECT("KANBAN!"&L$1&":"&L$1),0),"") | ... N12: =IFERROR(N$1&"-"&MATCH($A12&":",INDIRECT("KANBAN!"&N$1&":"&N$1),0),"") | O12: =E12&F12&G12&H12&I12&J12&K12&L12&M12&N12 | P12: {=IFERROR(LEFT($O12,FIND("-",$O12)-1) & SUBSTITUTE($O12,LEFT($O12,FIND("-",$O12)-1) &"-","") & ":" & LEFT($O12,FIND("-",$O12)-1) & SUBSTITUTE($O12,LEFT($O12,FIND("-",$O12)-1) &"-","")+misLíneas-3,"")}
A13: =IFERROR(IF(Datos!$A13="","",Idiomas!$A$12&" "&ROW()-1),"") -> Tarea 12 | B13: =IFERROR(MATCH(Datos!$A13,Configura!$B$9:$B$18,0),0) -> 4 | C13: =IFERROR(MATCH(Datos!$B13,Configura!$D$9:$D$11,0),0) -> 1 | D13: {=IF(AND(Datos!$A13<>"", OR(miCriticidad="",miCriticidad=$C13), OR(miAsignado="",miAsignado=Datos!$K13), OR(miFechaInicio="",Datos!$F13="",Datos!$F13>=miFechaInicio), OR(miTexto="",IFERROR(SEARCH(miTexto,Datos!$D13),0)>0,IFERROR(SEARCH(miTexto,Datos!$E13),0)>0), OR(miRetraso="",IFERROR(--LEFT(Datos!$J13,FIND(" ",Datos!$J13)-1),0)>miRetraso), OR(miDuración="",IFERROR(--LEFT(Datos!$I13,FIND(" ",Datos!$I13)-1),0)>miDuración)), 1,0)} -> 1 | E13: =IFERROR(E$1&"-"&MATCH($A13&":",INDIRECT("KANBAN!"&E$1&":"&E$1),0),"") | F13: =IFERROR(F$1&"-"&MATCH($A13&":",INDIRECT("KANBAN!"&F$1&":"&F$1),0),"") | G13: =IFERROR(G$1&"-"&MATCH($A13&":",INDIRECT("KANBAN!"&G$1&":"&G$1),0),"") | H13: =IFERROR(H$1&"-"&MATCH($A13&":",INDIRECT("KANBAN!"&H$1&":"&H$1),0),"") | I13: =IFERROR(I$1&"-"&MATCH($A13&":",INDIRECT("KANBAN!"&I$1&":"&I$1),0),"") | J13: =IFERROR(J$1&"-"&MATCH($A13&":",INDIRECT("KANBAN!"&J$1&":"&J$1),0),"") | K13: =IFERROR(K$1&"-"&MATCH($A13&":",INDIRECT("KANBAN!"&K$1&":"&K$1),0),"") | L13: =IFERROR(L$1&"-"&MATCH($A13&":",INDIRECT("KANBAN!"&L$1&":"&L$1),0),"") | ... N13: =IFERROR(N$1&"-"&MATCH($A13&":",INDIRECT("KANBAN!"&N$1&":"&N$1),0),"") | O13: =E13&F13&G13&H13&I13&J13&K13&L13&M13&N13 | P13: {=IFERROR(LEFT($O13,FIND("-",$O13)-1) & SUBSTITUTE($O13,LEFT($O13,FIND("-",$O13)-1) &"-","") & ":" & LEFT($O13,FIND("-",$O13)-1) & SUBSTITUTE($O13,LEFT($O13,FIND("-",$O13)-1) &"-","")+misLíneas-3,"")}
... A31: =IFERROR(IF(Datos!$A31="","",Idiomas!$A$12&" "&ROW()-1),"") -> Tarea 30 | B31: =IFERROR(MATCH(Datos!$A31,Configura!$B$9:$B$18,0),0) -> 2 | C31: =IFERROR(MATCH(Datos!$B31,Configura!$D$9:$D$11,0),0) -> 2 | D31: {=IF(AND(Datos!$A31<>"", OR(miCriticidad="",miCriticidad=$C31), OR(miAsignado="",miAsignado=Datos!$K31), OR(miFechaInicio="",Datos!$F31="",Datos!$F31>=miFechaInicio), OR(miTexto="",IFERROR(SEARCH(miTexto,Datos!$D31),0)>0,IFERROR(SEARCH(miTexto,Datos!$E31),0)>0), OR(miRetraso="",IFERROR(--LEFT(Datos!$J31,FIND(" ",Datos!$J31)-1),0)>miRetraso), OR(miDuración="",IFERROR(--LEFT(Datos!$I31,FIND(" ",Datos!$I31)-1),0)>miDuración)), 1,0)} -> 1 | E31: =IFERROR(E$1&"-"&MATCH($A31&":",INDIRECT("KANBAN!"&E$1&":"&E$1),0),"") | F31: =IFERROR(F$1&"-"&MATCH($A31&":",INDIRECT("KANBAN!"&F$1&":"&F$1),0),"") | G31: =IFERROR(G$1&"-"&MATCH($A31&":",INDIRECT("KANBAN!"&G$1&":"&G$1),0),"") | H31: =IFERROR(H$1&"-"&MATCH($A31&":",INDIRECT("KANBAN!"&H$1&":"&H$1),0),"") | I31: =IFERROR(I$1&"-"&MATCH($A31&":",INDIRECT("KANBAN!"&I$1&":"&I$1),0),"") | J31: =IFERROR(J$1&"-"&MATCH($A31&":",INDIRECT("KANBAN!"&J$1&":"&J$1),0),"") | K31: =IFERROR(K$1&"-"&MATCH($A31&":",INDIRECT("KANBAN!"&K$1&":"&K$1),0),"") | L31: =IFERROR(L$1&"-"&MATCH($A31&":",INDIRECT("KANBAN!"&L$1&":"&L$1),0),"") | ... N31: =IFERROR(N$1&"-"&MATCH($A31&":",INDIRECT("KANBAN!"&N$1&":"&N$1),0),"") | O31: =E31&F31&G31&H31&I31&J31&K31&L31&M31&N31 | P31: {=IFERROR(LEFT($O31,FIND("-",$O31)-1) & SUBSTITUTE($O31,LEFT($O31,FIND("-",$O31)-1) &"-","") & ":" & LEFT($O31,FIND("-",$O31)-1) & SUBSTITUTE($O31,LEFT($O31,FIND("-",$O31)-1) &"-","")+misLíneas-3,"")}
A32: =IFERROR(IF(Datos!$A32="","",Idiomas!$A$12&" "&ROW()-1),"") -> Tarea 31 | B32: =IFERROR(MATCH(Datos!$A32,Configura!$B$9:$B$18,0),0) -> 2 | C32: =IFERROR(MATCH(Datos!#REF!,Configura!$D$9:$D$11,0),0) -> 0 | D32: {=IF(AND(Datos!$A32<>"", OR(miCriticidad="",miCriticidad=$C32), OR(miAsignado="",miAsignado=Datos!$K32), OR(miFechaInicio="",Datos!$F32="",Datos!$F32>=miFechaInicio), OR(miTexto="",IFERROR(SEARCH(miTexto,Datos!$D32),0)>0,IFERROR(SEARCH(miTexto,Datos!$E32),0)>0), OR(miRetraso="",IFERROR(--LEFT(Datos!$J32,FIND(" ",Datos!$J32)-1),0)>miRetraso), OR(miDuración="",IFERROR(--LEFT(Datos!$I32,FIND(" ",Datos!$I32)-1),0)>miDuración)), 1,0)} -> 1 | E32: =IFERROR(E$1&"-"&MATCH($A32&":",INDIRECT("KANBAN!"&E$1&":"&E$1),0),"") | F32: =IFERROR(F$1&"-"&MATCH($A32&":",INDIRECT("KANBAN!"&F$1&":"&F$1),0),"") | G32: =IFERROR(G$1&"-"&MATCH($A32&":",INDIRECT("KANBAN!"&G$1&":"&G$1),0),"") | H32: =IFERROR(H$1&"-"&MATCH($A32&":",INDIRECT("KANBAN!"&H$1&":"&H$1),0),"") | I32: =IFERROR(I$1&"-"&MATCH($A32&":",INDIRECT("KANBAN!"&I$1&":"&I$1),0),"") | J32: =IFERROR(J$1&"-"&MATCH($A32&":",INDIRECT("KANBAN!"&J$1&":"&J$1),0),"") | K32: =IFERROR(K$1&"-"&MATCH($A32&":",INDIRECT("KANBAN!"&K$1&":"&K$1),0),"") | L32: =IFERROR(L$1&"-"&MATCH($A32&":",INDIRECT("KANBAN!"&L$1&":"&L$1),0),"") | ... N32: =IFERROR(N$1&"-"&MATCH($A32&":",INDIRECT("KANBAN!"&N$1&":"&N$1),0),"") | O32: =E32&F32&G32&H32&I32&J32&K32&L32&M32&N32 | P32: {=IFERROR(LEFT($O32,FIND("-",$O32)-1) & SUBSTITUTE($O32,LEFT($O32,FIND("-",$O32)-1) &"-","") & ":" & LEFT($O32,FIND("-",$O32)-1) & SUBSTITUTE($O32,LEFT($O32,FIND("-",$O32)-1) &"-","")+misLíneas-3,"")}
A33: =IFERROR(IF(Datos!$A33="","",Idiomas!$A$12&" "&ROW()-1),"") -> Tarea 32 | B33: =IFERROR(MATCH(Datos!$A33,Configura!$B$9:$B$18,0),0) -> 2 | C33: =IFERROR(MATCH(Datos!$B32,Configura!$D$9:$D$11,0),0) -> 2 | D33: {=IF(AND(Datos!$A33<>"", OR(miCriticidad="",miCriticidad=$C33), OR(miAsignado="",miAsignado=Datos!$K33), OR(miFechaInicio="",Datos!$F33="",Datos!$F33>=miFechaInicio), OR(miTexto="",IFERROR(SEARCH(miTexto,Datos!$D33),0)>0,IFERROR(SEARCH(miTexto,Datos!$E33),0)>0), OR(miRetraso="",IFERROR(--LEFT(Datos!$J33,FIND(" ",Datos!$J33)-1),0)>miRetraso), OR(miDuración="",IFERROR(--LEFT(Datos!$I33,FIND(" ",Datos!$I33)-1),0)>miDuración)), 1,0)} -> 1 | E33: =IFERROR(E$1&"-"&MATCH($A33&":",INDIRECT("KANBAN!"&E$1&":"&E$1),0),"") | F33: =IFERROR(F$1&"-"&MATCH($A33&":",INDIRECT("KANBAN!"&F$1&":"&F$1),0),"") | G33: =IFERROR(G$1&"-"&MATCH($A33&":",INDIRECT("KANBAN!"&G$1&":"&G$1),0),"") | H33: =IFERROR(H$1&"-"&MATCH($A33&":",INDIRECT("KANBAN!"&H$1&":"&H$1),0),"") | I33: =IFERROR(I$1&"-"&MATCH($A33&":",INDIRECT("KANBAN!"&I$1&":"&I$1),0),"") | J33: =IFERROR(J$1&"-"&MATCH($A33&":",INDIRECT("KANBAN!"&J$1&":"&J$1),0),"") | K33: =IFERROR(K$1&"-"&MATCH($A33&":",INDIRECT("KANBAN!"&K$1&":"&K$1),0),"") | L33: =IFERROR(L$1&"-"&MATCH($A33&":",INDIRECT("KANBAN!"&L$1&":"&L$1),0),"") | ... N33: =IFERROR(N$1&"-"&MATCH($A33&":",INDIRECT("KANBAN!"&N$1&":"&N$1),0),"") | O33: =E33&F33&G33&H33&I33&J33&K33&L33&M33&N33 | P33: {=IFERROR(LEFT($O33,FIND("-",$O33)-1) & SUBSTITUTE($O33,LEFT($O33,FIND("-",$O33)-1) &"-","") & ":" & LEFT($O33,FIND("-",$O33)-1) & SUBSTITUTE($O33,LEFT($O33,FIND("-",$O33)-1) &"-","")+misLíneas-3,"")}
A34: =IFERROR(IF(Datos!$A34="","",Idiomas!$A$12&" "&ROW()-1),"") -> Tarea 33 | B34: =IFERROR(MATCH(Datos!$A34,Configura!$B$9:$B$18,0),0) -> 2 | C34: =IFERROR(MATCH(Datos!$B34,Configura!$D$9:$D$11,0),0) -> 2 | D34: {=IF(AND(Datos!$A34<>"", OR(miCriticidad="",miCriticidad=$C34), OR(miAsignado="",miAsignado=Datos!$K34), OR(miFechaInicio="",Datos!$F34="",Datos!$F34>=miFechaInicio), OR(miTexto="",IFERROR(SEARCH(miTexto,Datos!$D34),0)>0,IFERROR(SEARCH(miTexto,Datos!$E34),0)>0), OR(miRetraso="",IFERROR(--LEFT(Datos!$J34,FIND(" ",Datos!$J34)-1),0)>miRetraso), OR(miDuración="",IFERROR(--LEFT(Datos!$I34,FIND(" ",Datos!$I34)-1),0)>miDuración)), 1,0)} -> 1 | E34: =IFERROR(E$1&"-"&MATCH($A34&":",INDIRECT("KANBAN!"&E$1&":"&E$1),0),"") | F34: =IFERROR(F$1&"-"&MATCH($A34&":",INDIRECT("KANBAN!"&F$1&":"&F$1),0),"") | G34: =IFERROR(G$1&"-"&MATCH($A34&":",INDIRECT("KANBAN!"&G$1&":"&G$1),0),"") | H34: =IFERROR(H$1&"-"&MATCH($A34&":",INDIRECT("KANBAN!"&H$1&":"&H$1),0),"") | I34: =IFERROR(I$1&"-"&MATCH($A34&":",INDIRECT("KANBAN!"&I$1&":"&I$1),0),"") | J34: =IFERROR(J$1&"-"&MATCH($A34&":",INDIRECT("KANBAN!"&J$1&":"&J$1),0),"") | K34: =IFERROR(K$1&"-"&MATCH($A34&":",INDIRECT("KANBAN!"&K$1&":"&K$1),0),"") | L34: =IFERROR(L$1&"-"&MATCH($A34&":",INDIRECT("KANBAN!"&L$1&":"&L$1),0),"") | ... N34: =IFERROR(N$1&"-"&MATCH($A34&":",INDIRECT("KANBAN!"&N$1&":"&N$1),0),"") | O34: =E34&F34&G34&H34&I34&J34&K34&L34&M34&N34 | P34: {=IFERROR(LEFT($O34,FIND("-",$O34)-1) & SUBSTITUTE($O34,LEFT($O34,FIND("-",$O34)-1) &"-","") & ":" & LEFT($O34,FIND("-",$O34)-1) & SUBSTITUTE($O34,LEFT($O34,FIND("-",$O34)-1) &"-","")+misLíneas-3,"")}
A35: =IFERROR(IF(Datos!$A35="","",Idiomas!$A$12&" "&ROW()-1),"") | B35: =IFERROR(MATCH(Datos!$A35,Configura!$B$9:$B$18,0),0) -> 0 | C35: =IFERROR(MATCH(Datos!$B35,Configura!$D$9:$D$11,0),0) -> 0 | D35: {=IF(AND(Datos!$A35<>"", OR(miCriticidad="",miCriticidad=$C35), OR(miAsignado="",miAsignado=Datos!$K35), OR(miFechaInicio="",Datos!$F35="",Datos!$F35>=miFechaInicio), OR(miTexto="",IFERROR(SEARCH(miTexto,Datos!$D35),0)>0,IFERROR(SEARCH(miTexto,Datos!$E35),0)>0), OR(miRetraso="",IFERROR(--LEFT(Datos!$J35,FIND(" ",Datos!$J35)-1),0)>miRetraso), OR(miDuración="",IFERROR(--LEFT(Datos!$I35,FIND(" ",Datos!$I35)-1),0)>miDuración)), 1,0)} -> 0 | E35: =IFERROR(E$1&"-"&MATCH($A35&":",INDIRECT("KANBAN!"&E$1&":"&E$1),0),"") | F35: =IFERROR(F$1&"-"&MATCH($A35&":",INDIRECT("KANBAN!"&F$1&":"&F$1),0),"") | G35: =IFERROR(G$1&"-"&MATCH($A35&":",INDIRECT("KANBAN!"&G$1&":"&G$1),0),"") | H35: =IFERROR(H$1&"-"&MATCH($A35&":",INDIRECT("KANBAN!"&H$1&":"&H$1),0),"") | I35: =IFERROR(I$1&"-"&MATCH($A35&":",INDIRECT("KANBAN!"&I$1&":"&I$1),0),"") | J35: =IFERROR(J$1&"-"&MATCH($A35&":",INDIRECT("KANBAN!"&J$1&":"&J$1),0),"") | K35: =IFERROR(K$1&"-"&MATCH($A35&":",INDIRECT("KANBAN!"&K$1&":"&K$1),0),"") | L35: =IFERROR(L$1&"-"&MATCH($A35&":",INDIRECT("KANBAN!"&L$1&":"&L$1),0),"") | ... N35: =IFERROR(N$1&"-"&MATCH($A35&":",INDIRECT("KANBAN!"&N$1&":"&N$1),0),"") | O35: =E35&F35&G35&H35&I35&J35&K35&L35&M35&N35 | P35: {=IFERROR(LEFT($O35,FIND("-",$O35)-1) & SUBSTITUTE($O35,LEFT($O35,FIND("-",$O35)-1) &"-","") & ":" & LEFT($O35,FIND("-",$O35)-1) & SUBSTITUTE($O35,LEFT($O35,FIND("-",$O35)-1) &"-","")+misLíneas-3,"")}
A36: =IFERROR(IF(Datos!$A36="","",Idiomas!$A$12&" "&ROW()-1),"") | B36: =IFERROR(MATCH(Datos!$A36,Configura!$B$9:$B$18,0),0) -> 0 | C36: =IFERROR(MATCH(Datos!$B36,Configura!$D$9:$D$11,0),0) -> 0 | D36: {=IF(AND(Datos!$A36<>"", OR(miCriticidad="",miCriticidad=$C36), OR(miAsignado="",miAsignado=Datos!$K36), OR(miFechaInicio="",Datos!$F36="",Datos!$F36>=miFechaInicio), OR(miTexto="",IFERROR(SEARCH(miTexto,Datos!$D36),0)>0,IFERROR(SEARCH(miTexto,Datos!$E36),0)>0), OR(miRetraso="",IFERROR(--LEFT(Datos!$J36,FIND(" ",Datos!$J36)-1),0)>miRetraso), OR(miDuración="",IFERROR(--LEFT(Datos!$I36,FIND(" ",Datos!$I36)-1),0)>miDuración)), 1,0)} -> 0 | E36: =IFERROR(E$1&"-"&MATCH($A36&":",INDIRECT("KANBAN!"&E$1&":"&E$1),0),"") | F36: =IFERROR(F$1&"-"&MATCH($A36&":",INDIRECT("KANBAN!"&F$1&":"&F$1),0),"") | G36: =IFERROR(G$1&"-"&MATCH($A36&":",INDIRECT("KANBAN!"&G$1&":"&G$1),0),"") | H36: =IFERROR(H$1&"-"&MATCH($A36&":",INDIRECT("KANBAN!"&H$1&":"&H$1),0),"") | I36: =IFERROR(I$1&"-"&MATCH($A36&":",INDIRECT("KANBAN!"&I$1&":"&I$1),0),"") | J36: =IFERROR(J$1&"-"&MATCH($A36&":",INDIRECT("KANBAN!"&J$1&":"&J$1),0),"") | K36: =IFERROR(K$1&"-"&MATCH($A36&":",INDIRECT("KANBAN!"&K$1&":"&K$1),0),"") | L36: =IFERROR(L$1&"-"&MATCH($A36&":",INDIRECT("KANBAN!"&L$1&":"&L$1),0),"") | ... N36: =IFERROR(N$1&"-"&MATCH($A36&":",INDIRECT("KANBAN!"&N$1&":"&N$1),0),"") | O36: =E36&F36&G36&H36&I36&J36&K36&L36&M36&N36 | P36: {=IFERROR(LEFT($O36,FIND("-",$O36)-1) & SUBSTITUTE($O36,LEFT($O36,FIND("-",$O36)-1) &"-","") & ":" & LEFT($O36,FIND("-",$O36)-1) & SUBSTITUTE($O36,LEFT($O36,FIND("-",$O36)-1) &"-","")+misLíneas-3,"")}
A37: =IFERROR(IF(Datos!$A37="","",Idiomas!$A$12&" "&ROW()-1),"") | B37: =IFERROR(MATCH(Datos!$A37,Configura!$B$9:$B$18,0),0) -> 0 | C37: =IFERROR(MATCH(Datos!$B37,Configura!$D$9:$D$11,0),0) -> 0 | D37: {=IF(AND(Datos!$A37<>"", OR(miCriticidad="",miCriticidad=$C37), OR(miAsignado="",miAsignado=Datos!$K37), OR(miFechaInicio="",Datos!$F37="",Datos!$F37>=miFechaInicio), OR(miTexto="",IFERROR(SEARCH(miTexto,Datos!$D37),0)>0,IFERROR(SEARCH(miTexto,Datos!$E37),0)>0), OR(miRetraso="",IFERROR(--LEFT(Datos!$J37,FIND(" ",Datos!$J37)-1),0)>miRetraso), OR(miDuración="",IFERROR(--LEFT(Datos!$I37,FIND(" ",Datos!$I37)-1),0)>miDuración)), 1,0)} -> 0 | E37: =IFERROR(E$1&"-"&MATCH($A37&":",INDIRECT("KANBAN!"&E$1&":"&E$1),0),"") | F37: =IFERROR(F$1&"-"&MATCH($A37&":",INDIRECT("KANBAN!"&F$1&":"&F$1),0),"") | G37: =IFERROR(G$1&"-"&MATCH($A37&":",INDIRECT("KANBAN!"&G$1&":"&G$1),0),"") | H37: =IFERROR(H$1&"-"&MATCH($A37&":",INDIRECT("KANBAN!"&H$1&":"&H$1),0),"") | I37: =IFERROR(I$1&"-"&MATCH($A37&":",INDIRECT("KANBAN!"&I$1&":"&I$1),0),"") | J37: =IFERROR(J$1&"-"&MATCH($A37&":",INDIRECT("KANBAN!"&J$1&":"&J$1),0),"") | K37: =IFERROR(K$1&"-"&MATCH($A37&":",INDIRECT("KANBAN!"&K$1&":"&K$1),0),"") | L37: =IFERROR(L$1&"-"&MATCH($A37&":",INDIRECT("KANBAN!"&L$1&":"&L$1),0),"") | ... N37: =IFERROR(N$1&"-"&MATCH($A37&":",INDIRECT("KANBAN!"&N$1&":"&N$1),0),"") | O37: =E37&F37&G37&H37&I37&J37&K37&L37&M37&N37 | P37: {=IFERROR(LEFT($O37,FIND("-",$O37)-1) & SUBSTITUTE($O37,LEFT($O37,FIND("-",$O37)-1) &"-","") & ":" & LEFT($O37,FIND("-",$O37)-1) & SUBSTITUTE($O37,LEFT($O37,FIND("-",$O37)-1) &"-","")+misLíneas-3,"")}
A38: =IFERROR(IF(Datos!$A38="","",Idiomas!$A$12&" "&ROW()-1),"") | B38: =IFERROR(MATCH(Datos!$A38,Configura!$B$9:$B$18,0),0) -> 0 | C38: =IFERROR(MATCH(Datos!$B38,Configura!$D$9:$D$11,0),0) -> 0 | D38: {=IF(AND(Datos!$A38<>"", OR(miCriticidad="",miCriticidad=$C38), OR(miAsignado="",miAsignado=Datos!$K38), OR(miFechaInicio="",Datos!$F38="",Datos!$F38>=miFechaInicio), OR(miTexto="",IFERROR(SEARCH(miTexto,Datos!$D38),0)>0,IFERROR(SEARCH(miTexto,Datos!$E38),0)>0), OR(miRetraso="",IFERROR(--LEFT(Datos!$J38,FIND(" ",Datos!$J38)-1),0)>miRetraso), OR(miDuración="",IFERROR(--LEFT(Datos!$I38,FIND(" ",Datos!$I38)-1),0)>miDuración)), 1,0)} -> 0 | E38: =IFERROR(E$1&"-"&MATCH($A38&":",INDIRECT("KANBAN!"&E$1&":"&E$1),0),"") | F38: =IFERROR(F$1&"-"&MATCH($A38&":",INDIRECT("KANBAN!"&F$1&":"&F$1),0),"") | G38: =IFERROR(G$1&"-"&MATCH($A38&":",INDIRECT("KANBAN!"&G$1&":"&G$1),0),"") | H38: =IFERROR(H$1&"-"&MATCH($A38&":",INDIRECT("KANBAN!"&H$1&":"&H$1),0),"") | I38: =IFERROR(I$1&"-"&MATCH($A38&":",INDIRECT("KANBAN!"&I$1&":"&I$1),0),"") | J38: =IFERROR(J$1&"-"&MATCH($A38&":",INDIRECT("KANBAN!"&J$1&":"&J$1),0),"") | K38: =IFERROR(K$1&"-"&MATCH($A38&":",INDIRECT("KANBAN!"&K$1&":"&K$1),0),"") | L38: =IFERROR(L$1&"-"&MATCH($A38&":",INDIRECT("KANBAN!"&L$1&":"&L$1),0),"") | ... N38: =IFERROR(N$1&"-"&MATCH($A38&":",INDIRECT("KANBAN!"&N$1&":"&N$1),0),"") | O38: =E38&F38&G38&H38&I38&J38&K38&L38&M38&N38 | P38: {=IFERROR(LEFT($O38,FIND("-",$O38)-1) & SUBSTITUTE($O38,LEFT($O38,FIND("-",$O38)-1) &"-","") & ":" & LEFT($O38,FIND("-",$O38)-1) & SUBSTITUTE($O38,LEFT($O38,FIND("-",$O38)-1) &"-","")+misLíneas-3,"")}
A39: =IFERROR(IF(Datos!$A39="","",Idiomas!$A$12&" "&ROW()-1),"") | B39: =IFERROR(MATCH(Datos!$A39,Configura!$B$9:$B$18,0),0) -> 0 | C39: =IFERROR(MATCH(Datos!$B39,Configura!$D$9:$D$11,0),0) -> 0 | D39: {=IF(AND(Datos!$A39<>"", OR(miCriticidad="",miCriticidad=$C39), OR(miAsignado="",miAsignado=Datos!$K39), OR(miFechaInicio="",Datos!$F39="",Datos!$F39>=miFechaInicio), OR(miTexto="",IFERROR(SEARCH(miTexto,Datos!$D39),0)>0,IFERROR(SEARCH(miTexto,Datos!$E39),0)>0), OR(miRetraso="",IFERROR(--LEFT(Datos!$J39,FIND(" ",Datos!$J39)-1),0)>miRetraso), OR(miDuración="",IFERROR(--LEFT(Datos!$I39,FIND(" ",Datos!$I39)-1),0)>miDuración)), 1,0)} -> 0 | E39: =IFERROR(E$1&"-"&MATCH($A39&":",INDIRECT("KANBAN!"&E$1&":"&E$1),0),"") | F39: =IFERROR(F$1&"-"&MATCH($A39&":",INDIRECT("KANBAN!"&F$1&":"&F$1),0),"") | G39: =IFERROR(G$1&"-"&MATCH($A39&":",INDIRECT("KANBAN!"&G$1&":"&G$1),0),"") | H39: =IFERROR(H$1&"-"&MATCH($A39&":",INDIRECT("KANBAN!"&H$1&":"&H$1),0),"") | I39: =IFERROR(I$1&"-"&MATCH($A39&":",INDIRECT("KANBAN!"&I$1&":"&I$1),0),"") | J39: =IFERROR(J$1&"-"&MATCH($A39&":",INDIRECT("KANBAN!"&J$1&":"&J$1),0),"") | K39: =IFERROR(K$1&"-"&MATCH($A39&":",INDIRECT("KANBAN!"&K$1&":"&K$1),0),"") | L39: =IFERROR(L$1&"-"&MATCH($A39&":",INDIRECT("KANBAN!"&L$1&":"&L$1),0),"") | ... N39: =IFERROR(N$1&"-"&MATCH($A39&":",INDIRECT("KANBAN!"&N$1&":"&N$1),0),"") | O39: =E39&F39&G39&H39&I39&J39&K39&L39&M39&N39 | P39: {=IFERROR(LEFT($O39,FIND("-",$O39)-1) & SUBSTITUTE($O39,LEFT($O39,FIND("-",$O39)-1) &"-","") & ":" & LEFT($O39,FIND("-",$O39)-1) & SUBSTITUTE($O39,LEFT($O39,FIND("-",$O39)-1) &"-","")+misLíneas-3,"")}
A40: =IFERROR(IF(Datos!$A40="","",Idiomas!$A$12&" "&ROW()-1),"") | B40: =IFERROR(MATCH(Datos!$A40,Configura!$B$9:$B$18,0),0) -> 0 | C40: =IFERROR(MATCH(Datos!$B40,Configura!$D$9:$D$11,0),0) -> 0 | D40: {=IF(AND(Datos!$A40<>"", OR(miCriticidad="",miCriticidad=$C40), OR(miAsignado="",miAsignado=Datos!$K40), OR(miFechaInicio="",Datos!$F40="",Datos!$F40>=miFechaInicio), OR(miTexto="",IFERROR(SEARCH(miTexto,Datos!$D40),0)>0,IFERROR(SEARCH(miTexto,Datos!$E40),0)>0), OR(miRetraso="",IFERROR(--LEFT(Datos!$J40,FIND(" ",Datos!$J40)-1),0)>miRetraso), OR(miDuración="",IFERROR(--LEFT(Datos!$I40,FIND(" ",Datos!$I40)-1),0)>miDuración)), 1,0)} -> 0 | E40: =IFERROR(E$1&"-"&MATCH($A40&":",INDIRECT("KANBAN!"&E$1&":"&E$1),0),"") | F40: =IFERROR(F$1&"-"&MATCH($A40&":",INDIRECT("KANBAN!"&F$1&":"&F$1),0),"") | G40: =IFERROR(G$1&"-"&MATCH($A40&":",INDIRECT("KANBAN!"&G$1&":"&G$1),0),"") | H40: =IFERROR(H$1&"-"&MATCH($A40&":",INDIRECT("KANBAN!"&H$1&":"&H$1),0),"") | I40: =IFERROR(I$1&"-"&MATCH($A40&":",INDIRECT("KANBAN!"&I$1&":"&I$1),0),"") | J40: =IFERROR(J$1&"-"&MATCH($A40&":",INDIRECT("KANBAN!"&J$1&":"&J$1),0),"") | K40: =IFERROR(K$1&"-"&MATCH($A40&":",INDIRECT("KANBAN!"&K$1&":"&K$1),0),"") | L40: =IFERROR(L$1&"-"&MATCH($A40&":",INDIRECT("KANBAN!"&L$1&":"&L$1),0),"") | ... N40: =IFERROR(N$1&"-"&MATCH($A40&":",INDIRECT("KANBAN!"&N$1&":"&N$1),0),"") | O40: =E40&F40&G40&H40&I40&J40&K40&L40&M40&N40 | P40: {=IFERROR(LEFT($O40,FIND("-",$O40)-1) & SUBSTITUTE($O40,LEFT($O40,FIND("-",$O40)-1) &"-","") & ":" & LEFT($O40,FIND("-",$O40)-1) & SUBSTITUTE($O40,LEFT($O40,FIND("-",$O40)-1) &"-","")+misLíneas-3,"")}
A41: =IFERROR(IF(Datos!$A41="","",Idiomas!$A$12&" "&ROW()-1),"") | B41: =IFERROR(MATCH(Datos!$A41,Configura!$B$9:$B$18,0),0) -> 0 | C41: =IFERROR(MATCH(Datos!$B41,Configura!$D$9:$D$11,0),0) -> 0 | D41: {=IF(AND(Datos!$A41<>"", OR(miCriticidad="",miCriticidad=$C41), OR(miAsignado="",miAsignado=Datos!$K41), OR(miFechaInicio="",Datos!$F41="",Datos!$F41>=miFechaInicio), OR(miTexto="",IFERROR(SEARCH(miTexto,Datos!$D41),0)>0,IFERROR(SEARCH(miTexto,Datos!$E41),0)>0), OR(miRetraso="",IFERROR(--LEFT(Datos!$J41,FIND(" ",Datos!$J41)-1),0)>miRetraso), OR(miDuración="",IFERROR(--LEFT(Datos!$I41,FIND(" ",Datos!$I41)-1),0)>miDuración)), 1,0)} -> 0 | E41: =IFERROR(E$1&"-"&MATCH($A41&":",INDIRECT("KANBAN!"&E$1&":"&E$1),0),"") | F41: =IFERROR(F$1&"-"&MATCH($A41&":",INDIRECT("KANBAN!"&F$1&":"&F$1),0),"") | G41: =IFERROR(G$1&"-"&MATCH($A41&":",INDIRECT("KANBAN!"&G$1&":"&G$1),0),"") | H41: =IFERROR(H$1&"-"&MATCH($A41&":",INDIRECT("KANBAN!"&H$1&":"&H$1),0),"") | I41: =IFERROR(I$1&"-"&MATCH($A41&":",INDIRECT("KANBAN!"&I$1&":"&I$1),0),"") | J41: =IFERROR(J$1&"-"&MATCH($A41&":",INDIRECT("KANBAN!"&J$1&":"&J$1),0),"") | K41: =IFERROR(K$1&"-"&MATCH($A41&":",INDIRECT("KANBAN!"&K$1&":"&K$1),0),"") | L41: =IFERROR(L$1&"-"&MATCH($A41&":",INDIRECT("KANBAN!"&L$1&":"&L$1),0),"") | ... N41: =IFERROR(N$1&"-"&MATCH($A41&":",INDIRECT("KANBAN!"&N$1&":"&N$1),0),"") | O41: =E41&F41&G41&H41&I41&J41&K41&L41&M41&N41 | P41: {=IFERROR(LEFT($O41,FIND("-",$O41)-1) & SUBSTITUTE($O41,LEFT($O41,FIND("-",$O41)-1) &"-","") & ":" & LEFT($O41,FIND("-",$O41)-1) & SUBSTITUTE($O41,LEFT($O41,FIND("-",$O41)-1) &"-","")+misLíneas-3,"")}
A42: =IFERROR(IF(Datos!$A42="","",Idiomas!$A$12&" "&ROW()-1),"") | B42: =IFERROR(MATCH(Datos!$A42,Configura!$B$9:$B$18,0),0) -> 0 | C42: =IFERROR(MATCH(Datos!$B42,Configura!$D$9:$D$11,0),0) -> 0 | D42: {=IF(AND(Datos!$A42<>"", OR(miCriticidad="",miCriticidad=$C42), OR(miAsignado="",miAsignado=Datos!$K42), OR(miFechaInicio="",Datos!$F42="",Datos!$F42>=miFechaInicio), OR(miTexto="",IFERROR(SEARCH(miTexto,Datos!$D42),0)>0,IFERROR(SEARCH(miTexto,Datos!$E42),0)>0), OR(miRetraso="",IFERROR(--LEFT(Datos!$J42,FIND(" ",Datos!$J42)-1),0)>miRetraso), OR(miDuración="",IFERROR(--LEFT(Datos!$I42,FIND(" ",Datos!$I42)-1),0)>miDuración)), 1,0)} -> 0 | E42: =IFERROR(E$1&"-"&MATCH($A42&":",INDIRECT("KANBAN!"&E$1&":"&E$1),0),"") | F42: =IFERROR(F$1&"-"&MATCH($A42&":",INDIRECT("KANBAN!"&F$1&":"&F$1),0),"") | G42: =IFERROR(G$1&"-"&MATCH($A42&":",INDIRECT("KANBAN!"&G$1&":"&G$1),0),"") | H42: =IFERROR(H$1&"-"&MATCH($A42&":",INDIRECT("KANBAN!"&H$1&":"&H$1),0),"") | I42: =IFERROR(I$1&"-"&MATCH($A42&":",INDIRECT("KANBAN!"&I$1&":"&I$1),0),"") | J42: =IFERROR(J$1&"-"&MATCH($A42&":",INDIRECT("KANBAN!"&J$1&":"&J$1),0),"") | K42: =IFERROR(K$1&"-"&MATCH($A42&":",INDIRECT("KANBAN!"&K$1&":"&K$1),0),"") | L42: =IFERROR(L$1&"-"&MATCH($A42&":",INDIRECT("KANBAN!"&L$1&":"&L$1),0),"") | ... N42: =IFERROR(N$1&"-"&MATCH($A42&":",INDIRECT("KANBAN!"&N$1&":"&N$1),0),"") | O42: =E42&F42&G42&H42&I42&J42&K42&L42&M42&N42 | P42: {=IFERROR(LEFT($O42,FIND("-",$O42)-1) & SUBSTITUTE($O42,LEFT($O42,FIND("-",$O42)-1) &"-","") & ":" & LEFT($O42,FIND("-",$O42)-1) & SUBSTITUTE($O42,LEFT($O42,FIND("-",$O42)-1) &"-","")+misLíneas-3,"")}
A43: =IFERROR(IF(Datos!$A43="","",Idiomas!$A$12&" "&ROW()-1),"") | B43: =IFERROR(MATCH(Datos!$A43,Configura!$B$9:$B$18,0),0) -> 0 | C43: =IFERROR(MATCH(Datos!$B43,Configura!$D$9:$D$11,0),0) -> 0 | D43: {=IF(AND(Datos!$A43<>"", OR(miCriticidad="",miCriticidad=$C43), OR(miAsignado="",miAsignado=Datos!$K43), OR(miFechaInicio="",Datos!$F43="",Datos!$F43>=miFechaInicio), OR(miTexto="",IFERROR(SEARCH(miTexto,Datos!$D43),0)>0,IFERROR(SEARCH(miTexto,Datos!$E43),0)>0), OR(miRetraso="",IFERROR(--LEFT(Datos!$J43,FIND(" ",Datos!$J43)-1),0)>miRetraso), OR(miDuración="",IFERROR(--LEFT(Datos!$I43,FIND(" ",Datos!$I43)-1),0)>miDuración)), 1,0)} -> 0 | E43: =IFERROR(E$1&"-"&MATCH($A43&":",INDIRECT("KANBAN!"&E$1&":"&E$1),0),"") | F43: =IFERROR(F$1&"-"&MATCH($A43&":",INDIRECT("KANBAN!"&F$1&":"&F$1),0),"") | G43: =IFERROR(G$1&"-"&MATCH($A43&":",INDIRECT("KANBAN!"&G$1&":"&G$1),0),"") | H43: =IFERROR(H$1&"-"&MATCH($A43&":",INDIRECT("KANBAN!"&H$1&":"&H$1),0),"") | I43: =IFERROR(I$1&"-"&MATCH($A43&":",INDIRECT("KANBAN!"&I$1&":"&I$1),0),"") | J43: =IFERROR(J$1&"-"&MATCH($A43&":",INDIRECT("KANBAN!"&J$1&":"&J$1),0),"") | K43: =IFERROR(K$1&"-"&MATCH($A43&":",INDIRECT("KANBAN!"&K$1&":"&K$1),0),"") | L43: =IFERROR(L$1&"-"&MATCH($A43&":",INDIRECT("KANBAN!"&L$1&":"&L$1),0),"") | ... N43: =IFERROR(N$1&"-"&MATCH($A43&":",INDIRECT("KANBAN!"&N$1&":"&N$1),0),"") | O43: =E43&F43&G43&H43&I43&J43&K43&L43&M43&N43 | P43: {=IFERROR(LEFT($O43,FIND("-",$O43)-1) & SUBSTITUTE($O43,LEFT($O43,FIND("-",$O43)-1) &"-","") & ":" & LEFT($O43,FIND("-",$O43)-1) & SUBSTITUTE($O43,LEFT($O43,FIND("-",$O43)-1) &"-","")+misLíneas-3,"")}
A44: =IFERROR(IF(Datos!$A44="","",Idiomas!$A$12&" "&ROW()-1),"") | B44: =IFERROR(MATCH(Datos!$A44,Configura!$B$9:$B$18,0),0) -> 0 | C44: =IFERROR(MATCH(Datos!$B44,Configura!$D$9:$D$11,0),0) -> 0 | D44: {=IF(AND(Datos!$A44<>"", OR(miCriticidad="",miCriticidad=$C44), OR(miAsignado="",miAsignado=Datos!$K44), OR(miFechaInicio="",Datos!$F44="",Datos!$F44>=miFechaInicio), OR(miTexto="",IFERROR(SEARCH(miTexto,Datos!$D44),0)>0,IFERROR(SEARCH(miTexto,Datos!$E44),0)>0), OR(miRetraso="",IFERROR(--LEFT(Datos!$J44,FIND(" ",Datos!$J44)-1),0)>miRetraso), OR(miDuración="",IFERROR(--LEFT(Datos!$I44,FIND(" ",Datos!$I44)-1),0)>miDuración)), 1,0)} -> 0 | E44: =IFERROR(E$1&"-"&MATCH($A44&":",INDIRECT("KANBAN!"&E$1&":"&E$1),0),"") | F44: =IFERROR(F$1&"-"&MATCH($A44&":",INDIRECT("KANBAN!"&F$1&":"&F$1),0),"") | G44: =IFERROR(G$1&"-"&MATCH($A44&":",INDIRECT("KANBAN!"&G$1&":"&G$1),0),"") | H44: =IFERROR(H$1&"-"&MATCH($A44&":",INDIRECT("KANBAN!"&H$1&":"&H$1),0),"") | I44: =IFERROR(I$1&"-"&MATCH($A44&":",INDIRECT("KANBAN!"&I$1&":"&I$1),0),"") | J44: =IFERROR(J$1&"-"&MATCH($A44&":",INDIRECT("KANBAN!"&J$1&":"&J$1),0),"") | K44: =IFERROR(K$1&"-"&MATCH($A44&":",INDIRECT("KANBAN!"&K$1&":"&K$1),0),"") | L44: =IFERROR(L$1&"-"&MATCH($A44&":",INDIRECT("KANBAN!"&L$1&":"&L$1),0),"") | ... N44: =IFERROR(N$1&"-"&MATCH($A44&":",INDIRECT("KANBAN!"&N$1&":"&N$1),0),"") | O44: =E44&F44&G44&H44&I44&J44&K44&L44&M44&N44 | P44: {=IFERROR(LEFT($O44,FIND("-",$O44)-1) & SUBSTITUTE($O44,LEFT($O44,FIND("-",$O44)-1) &"-","") & ":" & LEFT($O44,FIND("-",$O44)-1) & SUBSTITUTE($O44,LEFT($O44,FIND("-",$O44)-1) &"-","")+misLíneas-3,"")}
A45: =IFERROR(IF(Datos!$A45="","",Idiomas!$A$12&" "&ROW()-1),"") | B45: =IFERROR(MATCH(Datos!$A45,Configura!$B$9:$B$18,0),0) -> 0 | C45: =IFERROR(MATCH(Datos!$B45,Configura!$D$9:$D$11,0),0) -> 0 | D45: {=IF(AND(Datos!$A45<>"", OR(miCriticidad="",miCriticidad=$C45), OR(miAsignado="",miAsignado=Datos!$K45), OR(miFechaInicio="",Datos!$F45="",Datos!$F45>=miFechaInicio), OR(miTexto="",IFERROR(SEARCH(miTexto,Datos!$D45),0)>0,IFERROR(SEARCH(miTexto,Datos!$E45),0)>0), OR(miRetraso="",IFERROR(--LEFT(Datos!$J45,FIND(" ",Datos!$J45)-1),0)>miRetraso), OR(miDuración="",IFERROR(--LEFT(Datos!$I45,FIND(" ",Datos!$I45)-1),0)>miDuración)), 1,0)} -> 0 | E45: =IFERROR(E$1&"-"&MATCH($A45&":",INDIRECT("KANBAN!"&E$1&":"&E$1),0),"") | F45: =IFERROR(F$1&"-"&MATCH($A45&":",INDIRECT("KANBAN!"&F$1&":"&F$1),0),"") | G45: =IFERROR(G$1&"-"&MATCH($A45&":",INDIRECT("KANBAN!"&G$1&":"&G$1),0),"") | H45: =IFERROR(H$1&"-"&MATCH($A45&":",INDIRECT("KANBAN!"&H$1&":"&H$1),0),"") | I45: =IFERROR(I$1&"-"&MATCH($A45&":",INDIRECT("KANBAN!"&I$1&":"&I$1),0),"") | J45: =IFERROR(J$1&"-"&MATCH($A45&":",INDIRECT("KANBAN!"&J$1&":"&J$1),0),"") | K45: =IFERROR(K$1&"-"&MATCH($A45&":",INDIRECT("KANBAN!"&K$1&":"&K$1),0),"") | L45: =IFERROR(L$1&"-"&MATCH($A45&":",INDIRECT("KANBAN!"&L$1&":"&L$1),0),"") | ... N45: =IFERROR(N$1&"-"&MATCH($A45&":",INDIRECT("KANBAN!"&N$1&":"&N$1),0),"") | O45: =E45&F45&G45&H45&I45&J45&K45&L45&M45&N45 | P45: {=IFERROR(LEFT($O45,FIND("-",$O45)-1) & SUBSTITUTE($O45,LEFT($O45,FIND("-",$O45)-1) &"-","") & ":" & LEFT($O45,FIND("-",$O45)-1) & SUBSTITUTE($O45,LEFT($O45,FIND("-",$O45)-1) &"-","")+misLíneas-3,"")}
... A101: =IFERROR(IF(Datos!$A101="","",Idiomas!$A$12&" "&ROW()-1),"") | B101: =IFERROR(MATCH(Datos!$A101,Configura!$B$9:$B$18,0),0) -> 0 | C101: =IFERROR(MATCH(Datos!$B101,Configura!$D$9:$D$11,0),0) -> 0 | D101: {=IF(AND(Datos!$A101<>"", OR(miCriticidad="",miCriticidad=$C101), OR(miAsignado="",miAsignado=Datos!$K101), OR(miFechaInicio="",Datos!$F101="",Datos!$F101>=miFechaInicio), OR(miTexto="",IFERROR(SEARCH(miTexto,Datos!$D101),0)>0,IFERROR(SEARCH(miTexto,Datos!$E101),0)>0), OR(miRetraso="",IFERROR(--LEFT(Datos!$J101,FIND(" ",Datos!$J101)-1),0)>miRetraso), OR(miDuración="",IFERROR(--LEFT(Datos!$I101,FIND(" ",Datos!$I101)-1),0)>miDuración)), 1,0)} -> 0 | E101: =IFERROR(E$1&"-"&MATCH($A101&":",INDIRECT("KANBAN!"&E$1&":"&E$1),0),"") | F101: =IFERROR(F$1&"-"&MATCH($A101&":",INDIRECT("KANBAN!"&F$1&":"&F$1),0),"") | G101: =IFERROR(G$1&"-"&MATCH($A101&":",INDIRECT("KANBAN!"&G$1&":"&G$1),0),"") | H101: =IFERROR(H$1&"-"&MATCH($A101&":",INDIRECT("KANBAN!"&H$1&":"&H$1),0),"") | I101: =IFERROR(I$1&"-"&MATCH($A101&":",INDIRECT("KANBAN!"&I$1&":"&I$1),0),"") | J101: =IFERROR(J$1&"-"&MATCH($A101&":",INDIRECT("KANBAN!"&J$1&":"&J$1),0),"") | K101: =IFERROR(K$1&"-"&MATCH($A101&":",INDIRECT("KANBAN!"&K$1&":"&K$1),0),"") | L101: =IFERROR(L$1&"-"&MATCH($A101&":",INDIRECT("KANBAN!"&L$1&":"&L$1),0),"") | ... N101: =IFERROR(N$1&"-"&MATCH($A101&":",INDIRECT("KANBAN!"&N$1&":"&N$1),0),"") | O101: =E101&F101&G101&H101&I101&J101&K101&L101&M101&N101 | P101: {=IFERROR(LEFT($O101,FIND("-",$O101)-1) & SUBSTITUTE($O101,LEFT($O101,FIND("-",$O101)-1) &"-","") & ":" & LEFT($O101,FIND("-",$O101)-1) & SUBSTITUTE($O101,LEFT($O101,FIND("-",$O101)-1) &"-","")+misLíneas-3,"")}

Sheet Formulas
B1: 1 | C1: {=IFERROR(INDEX(Configura!$B$9:$B$18,B1)&"","")} -> POR HACER | F1: =KANBAN!F4 -> ^ | G1: =B1+1 -> 2 | H1: {=IFERROR(INDEX(Configura!$B$9:$B$18,G1)&"","")} -> EN PROGRESO | K1: =KANBAN!K4 -> ^ | L1: =G1+1 -> 3 | M1: {=IFERROR(INDEX(Configura!$B$9:$B$18,L1)&"","")} -> EN ESPERA | P1: =KANBAN!P4 -> ^ | Q1: =L1+1 -> 4 | R1: {=IFERROR(INDEX(Configura!$B$9:$B$18,Q1)&"","")} -> COMPLETADO | U1: =KANBAN!U4 -> ^ | V1: =Q1+1 -> 5 | W1: {=IFERROR(INDEX(Configura!$B$9:$B$18,V1)&"","")} -> ARCHIVADO | Z1: =KANBAN!Z4 -> ^ | AA1: =V1+1 -> 6 | AB1: {=IFERROR(INDEX(Configura!$B$9:$B$18,AA1)&"","")} -> POR HACER | AE1: =KANBAN!AE4 -> ^ | AF1: =AA1+1 -> 7 | AG1: {=IFERROR(INDEX(Configura!$B$9:$B$18,AF1)&"","")} -> EN PROGRESO | AJ1: =KANBAN!AJ4 -> ^ | AK1: =AF1+1 -> 8 | AL1: {=IFERROR(INDEX(Configura!$B$9:$B$18,AK1)&"","")} | AO1: =KANBAN!AO4 -> ^ | AP1: =AK1+1 -> 9 | AQ1: {=IFERROR(INDEX(Configura!$B$9:$B$18,AP1)&"","")} | AT1: =KANBAN!AT4 -> ^ | AU1: =AP1+1 -> 10 | AV1: {=IFERROR(INDEX(Configura!$B$9:$B$18,AU1)&"","")} | AY1: =KANBAN!AY4 -> ^
B2: {=IF((misEstados=B$1)*(misFiltros=1),ROW(misEstados)-1,"")} | C2: 0 | G2: {=IF((misEstados=G$1)*(misFiltros=1),ROW(misEstados)-1,"")} -> 1 | H2: 0 | L2: {=IF((misEstados=L$1)*(misFiltros=1),ROW(misEstados)-1,"")} | M2: 0 | Q2: {=IF((misEstados=Q$1)*(misFiltros=1),ROW(misEstados)-1,"")} | R2: 0 | V2: {=IF((misEstados=V$1)*(misFiltros=1),ROW(misEstados)-1,"")} | W2: 0 | AA2: {=IF((misEstados=AA$1)*(misFiltros=1),ROW(misEstados)-1,"")} | AB2: 0 | AF2: {=IF((misEstados=AF$1)*(misFiltros=1),ROW(misEstados)-1,"")} | AG2: 0 | AK2: {=IF((misEstados=AK$1)*(misFiltros=1),ROW(misEstados)-1,"")} | AL2: 0 | AP2: {=IF((misEstados=AP$1)*(misFiltros=1),ROW(misEstados)-1,"")} | AQ2: 0 | AU2: {=IF((misEstados=AU$1)*(misFiltros=1),ROW(misEstados)-1,"")} | AV2: 0
C3: 1 | D3: =IF(C3>C2,IFERROR(IF(F$1="v",SMALL(B$2:B$101,C3),LARGE(B$2:B$101,C3)),""),D2) | E3: {=IF(D3="","",IF(D3<>D2,1,IF(E2=misLíneas-2,0,E2+1)))} | F3: {=IF(OR(E3=0,E3=""),"",INDEX(misCriticidades,D3)&"-"&IFERROR(MATCH(E3,miOrdenTarjeta,0),0))} | H3: 1 | I3: =IF(H3>H2,IFERROR(IF(K$1="v",SMALL(G$2:G$101,H3),LARGE(G$2:G$101,H3)),""),I2) -> 33 | J3: {=IF(I3="","",IF(I3<>I2,1,IF(J2=misLíneas-2,0,J2+1)))} -> 1 | K3: {=IF(OR(J3=0,J3=""),"",INDEX(misCriticidades,I3)&"-"&IFERROR(MATCH(J3,miOrdenTarjeta,0),0))} -> 2-1 | M3: 1 | N3: =IF(M3>M2,IFERROR(IF(P$1="v",SMALL(L$2:L$101,M3),LARGE(L$2:L$101,M3)),""),N2) | O3: {=IF(N3="","",IF(N3<>N2,1,IF(O2=misLíneas-2,0,O2+1)))} | P3: {=IF(OR(O3=0,O3=""),"",INDEX(misCriticidades,N3)&"-"&IFERROR(MATCH(O3,miOrdenTarjeta,0),0))} | Q3: 2 | R3: 1 | S3: =IF(R3>R2,IFERROR(IF(U$1="v",SMALL(Q$2:Q$101,R3),LARGE(Q$2:Q$101,R3)),""),S2) -> 29 | T3: {=IF(S3="","",IF(S3<>S2,1,IF(T2=misLíneas-2,0,T2+1)))} -> 1 | U3: {=IF(OR(T3=0,T3=""),"",INDEX(misCriticidades,S3)&"-"&IFERROR(MATCH(T3,miOrdenTarjeta,0),0))} -> 3-1 | W3: 1 | X3: =IF(W3>W2,IFERROR(IF(Z$1="v",SMALL(V$2:V$101,W3),LARGE(V$2:V$101,W3)),""),X2) | Y3: {=IF(X3="","",IF(X3<>X2,1,IF(Y2=misLíneas-2,0,Y2+1)))} | Z3: {=IF(OR(Y3=0,Y3=""),"",INDEX(misCriticidades,X3)&"-"&IFERROR(MATCH(Y3,miOrdenTarjeta,0),0))} | AB3: 1 | AC3: =IF(AB3>AB2,IFERROR(IF(AE$1="v",SMALL(AA$2:AA$101,AB3),LARGE(AA$2:AA$101,AB3)),""),AC2) | AD3: {=IF(AC3="","",IF(AC3<>AC2,1,IF(AD2=misLíneas-2,0,AD2+1)))} | AE3: {=IF(OR(AD3=0,AD3=""),"",INDEX(misCriticidades,AC3)&"-"&IFERROR(MATCH(AD3,miOrdenTarjeta,0),0))} | AG3: 1 | AH3: =IF(AG3>AG2,IFERROR(IF(AJ$1="v",SMALL(AF$2:AF$101,AG3),LARGE(AF$2:AF$101,AG3)),""),AH2) | AI3: {=IF(AH3="","",IF(AH3<>AH2,1,IF(AI2=misLíneas-2,0,AI2+1)))} | AJ3: {=IF(OR(AI3=0,AI3=""),"",INDEX(misCriticidades,AH3)&"-"&IFERROR(MATCH(AI3,miOrdenTarjeta,0),0))} | AL3: 1 | AM3: =IF(AL3>AL2,IFERROR(IF(AO$1="v",SMALL(AK$2:AK$101,AL3),LARGE(AK$2:AK$101,AL3)),""),AM2) | AN3: {=IF(AM3="","",IF(AM3<>AM2,1,IF(AN2=misLíneas-2,0,AN2+1)))} | AO3: {=IF(OR(AN3=0,AN3=""),"",INDEX(misCriticidades,AM3)&"-"&IFERROR(MATCH(AN3,miOrdenTarjeta,0),0))} | AQ3: 1 | AR3: =IF(AQ3>AQ2,IFERROR(IF(AT$1="v",SMALL(AP$2:AP$101,AQ3),LARGE(AP$2:AP$101,AQ3)),""),AR2) | AS3: {=IF(AR3="","",IF(AR3<>AR2,1,IF(AS2=misLíneas-2,0,AS2+1)))} | AT3: {=IF(OR(AS3=0,AS3=""),"",INDEX(misCriticidades,AR3)&"-"&IFERROR(MATCH(AS3,miOrdenTarjeta,0),0))} | AV3: 1 | AW3: =IF(AV3>AV2,IFERROR(IF(AY$1="v",SMALL(AU$2:AU$101,AV3),LARGE(AU$2:AU$101,AV3)),""),AW2) | AX3: {=IF(AW3="","",IF(AW3<>AW2,1,IF(AX2=misLíneas-2,0,AX2+1)))} | AY3: {=IF(OR(AX3=0,AX3=""),"",INDEX(misCriticidades,AW3)&"-"&IFERROR(MATCH(AX3,miOrdenTarjeta,0),0))}
C4: =C3--(E3=0) -> 1 | D4: =IF(C4>C3,IFERROR(IF(F$1="v",SMALL(B$2:B$101,C4),LARGE(B$2:B$101,C4)),""),D3) | E4: {=IF(D4="","",IF(D4<>D3,1,IF(E3=misLíneas-2,0,E3+1)))} | F4: {=IF(OR(E4=0,E4=""),"",INDEX(misCriticidades,D4)&"-"&IFERROR(MATCH(E4,miOrdenTarjeta,0),0))} | H4: =H3--(J3=0) -> 1 | I4: =IF(H4>H3,IFERROR(IF(K$1="v",SMALL(G$2:G$101,H4),LARGE(G$2:G$101,H4)),""),I3) -> 33 | J4: {=IF(I4="","",IF(I4<>I3,1,IF(J3=misLíneas-2,0,J3+1)))} -> 2 | K4: {=IF(OR(J4=0,J4=""),"",INDEX(misCriticidades,I4)&"-"&IFERROR(MATCH(J4,miOrdenTarjeta,0),0))} -> 2-2 | M4: =M3--(O3=0) -> 1 | N4: =IF(M4>M3,IFERROR(IF(P$1="v",SMALL(L$2:L$101,M4),LARGE(L$2:L$101,M4)),""),N3) | O4: {=IF(N4="","",IF(N4<>N3,1,IF(O3=misLíneas-2,0,O3+1)))} | P4: {=IF(OR(O4=0,O4=""),"",INDEX(misCriticidades,N4)&"-"&IFERROR(MATCH(O4,miOrdenTarjeta,0),0))} | Q4: 3 | R4: =R3--(T3=0) -> 1 | S4: =IF(R4>R3,IFERROR(IF(U$1="v",SMALL(Q$2:Q$101,R4),LARGE(Q$2:Q$101,R4)),""),S3) -> 29 | T4: {=IF(S4="","",IF(S4<>S3,1,IF(T3=misLíneas-2,0,T3+1)))} -> 2 | U4: {=IF(OR(T4=0,T4=""),"",INDEX(misCriticidades,S4)&"-"&IFERROR(MATCH(T4,miOrdenTarjeta,0),0))} -> 3-2 | W4: =W3--(Y3=0) -> 1 | X4: =IF(W4>W3,IFERROR(IF(Z$1="v",SMALL(V$2:V$101,W4),LARGE(V$2:V$101,W4)),""),X3) | Y4: {=IF(X4="","",IF(X4<>X3,1,IF(Y3=misLíneas-2,0,Y3+1)))} | Z4: {=IF(OR(Y4=0,Y4=""),"",INDEX(misCriticidades,X4)&"-"&IFERROR(MATCH(Y4,miOrdenTarjeta,0),0))} | AB4: =AB3--(AD3=0) -> 1 | AC4: =IF(AB4>AB3,IFERROR(IF(AE$1="v",SMALL(AA$2:AA$101,AB4),LARGE(AA$2:AA$101,AB4)),""),AC3) | AD4: {=IF(AC4="","",IF(AC4<>AC3,1,IF(AD3=misLíneas-2,0,AD3+1)))} | AE4: {=IF(OR(AD4=0,AD4=""),"",INDEX(misCriticidades,AC4)&"-"&IFERROR(MATCH(AD4,miOrdenTarjeta,0),0))} | AG4: =AG3--(AI3=0) -> 1 | AH4: =IF(AG4>AG3,IFERROR(IF(AJ$1="v",SMALL(AF$2:AF$101,AG4),LARGE(AF$2:AF$101,AG4)),""),AH3) | AI4: {=IF(AH4="","",IF(AH4<>AH3,1,IF(AI3=misLíneas-2,0,AI3+1)))} | AJ4: {=IF(OR(AI4=0,AI4=""),"",INDEX(misCriticidades,AH4)&"-"&IFERROR(MATCH(AI4,miOrdenTarjeta,0),0))} | AL4: =AL3--(AN3=0) -> 1 | AM4: =IF(AL4>AL3,IFERROR(IF(AO$1="v",SMALL(AK$2:AK$101,AL4),LARGE(AK$2:AK$101,AL4)),""),AM3) | AN4: {=IF(AM4="","",IF(AM4<>AM3,1,IF(AN3=misLíneas-2,0,AN3+1)))} | AO4: {=IF(OR(AN4=0,AN4=""),"",INDEX(misCriticidades,AM4)&"-"&IFERROR(MATCH(AN4,miOrdenTarjeta,0),0))} | AQ4: =AQ3--(AS3=0) -> 1 | AR4: =IF(AQ4>AQ3,IFERROR(IF(AT$1="v",SMALL(AP$2:AP$101,AQ4),LARGE(AP$2:AP$101,AQ4)),""),AR3) | AS4: {=IF(AR4="","",IF(AR4<>AR3,1,IF(AS3=misLíneas-2,0,AS3+1)))} | AT4: {=IF(OR(AS4=0,AS4=""),"",INDEX(misCriticidades,AR4)&"-"&IFERROR(MATCH(AS4,miOrdenTarjeta,0),0))} | AV4: =AV3--(AX3=0) -> 1 | AW4: =IF(AV4>AV3,IFERROR(IF(AY$1="v",SMALL(AU$2:AU$101,AV4),LARGE(AU$2:AU$101,AV4)),""),AW3) | AX4: {=IF(AW4="","",IF(AW4<>AW3,1,IF(AX3=misLíneas-2,0,AX3+1)))} | AY4: {=IF(OR(AX4=0,AX4=""),"",INDEX(misCriticidades,AW4)&"-"&IFERROR(MATCH(AX4,miOrdenTarjeta,0),0))}
C5: =C4--(E4=0) -> 1 | D5: =IF(C5>C4,IFERROR(IF(F$1="v",SMALL(B$2:B$101,C5),LARGE(B$2:B$101,C5)),""),D4) | E5: {=IF(D5="","",IF(D5<>D4,1,IF(E4=misLíneas-2,0,E4+1)))} | F5: {=IF(OR(E5=0,E5=""),"",INDEX(misCriticidades,D5)&"-"&IFERROR(MATCH(E5,miOrdenTarjeta,0),0))} | H5: =H4--(J4=0) -> 1 | I5: =IF(H5>H4,IFERROR(IF(K$1="v",SMALL(G$2:G$101,H5),LARGE(G$2:G$101,H5)),""),I4) -> 33 | J5: {=IF(I5="","",IF(I5<>I4,1,IF(J4=misLíneas-2,0,J4+1)))} -> 3 | K5: {=IF(OR(J5=0,J5=""),"",INDEX(misCriticidades,I5)&"-"&IFERROR(MATCH(J5,miOrdenTarjeta,0),0))} -> 2-3 | M5: =M4--(O4=0) -> 1 | N5: =IF(M5>M4,IFERROR(IF(P$1="v",SMALL(L$2:L$101,M5),LARGE(L$2:L$101,M5)),""),N4) | O5: {=IF(N5="","",IF(N5<>N4,1,IF(O4=misLíneas-2,0,O4+1)))} | P5: {=IF(OR(O5=0,O5=""),"",INDEX(misCriticidades,N5)&"-"&IFERROR(MATCH(O5,miOrdenTarjeta,0),0))} | Q5: 4 | R5: =R4--(T4=0) -> 1 | S5: =IF(R5>R4,IFERROR(IF(U$1="v",SMALL(Q$2:Q$101,R5),LARGE(Q$2:Q$101,R5)),""),S4) -> 29 | T5: {=IF(S5="","",IF(S5<>S4,1,IF(T4=misLíneas-2,0,T4+1)))} -> 3 | U5: {=IF(OR(T5=0,T5=""),"",INDEX(misCriticidades,S5)&"-"&IFERROR(MATCH(T5,miOrdenTarjeta,0),0))} -> 3-3 | W5: =W4--(Y4=0) -> 1 | X5: =IF(W5>W4,IFERROR(IF(Z$1="v",SMALL(V$2:V$101,W5),LARGE(V$2:V$101,W5)),""),X4) | Y5: {=IF(X5="","",IF(X5<>X4,1,IF(Y4=misLíneas-2,0,Y4+1)))} | Z5: {=IF(OR(Y5=0,Y5=""),"",INDEX(misCriticidades,X5)&"-"&IFERROR(MATCH(Y5,miOrdenTarjeta,0),0))} | AB5: =AB4--(AD4=0) -> 1 | AC5: =IF(AB5>AB4,IFERROR(IF(AE$1="v",SMALL(AA$2:AA$101,AB5),LARGE(AA$2:AA$101,AB5)),""),AC4) | AD5: {=IF(AC5="","",IF(AC5<>AC4,1,IF(AD4=misLíneas-2,0,AD4+1)))} | AE5: {=IF(OR(AD5=0,AD5=""),"",INDEX(misCriticidades,AC5)&"-"&IFERROR(MATCH(AD5,miOrdenTarjeta,0),0))} | AG5: =AG4--(AI4=0) -> 1 | AH5: =IF(AG5>AG4,IFERROR(IF(AJ$1="v",SMALL(AF$2:AF$101,AG5),LARGE(AF$2:AF$101,AG5)),""),AH4) | AI5: {=IF(AH5="","",IF(AH5<>AH4,1,IF(AI4=misLíneas-2,0,AI4+1)))} | AJ5: {=IF(OR(AI5=0,AI5=""),"",INDEX(misCriticidades,AH5)&"-"&IFERROR(MATCH(AI5,miOrdenTarjeta,0),0))} | AL5: =AL4--(AN4=0) -> 1 | AM5: =IF(AL5>AL4,IFERROR(IF(AO$1="v",SMALL(AK$2:AK$101,AL5),LARGE(AK$2:AK$101,AL5)),""),AM4) | AN5: {=IF(AM5="","",IF(AM5<>AM4,1,IF(AN4=misLíneas-2,0,AN4+1)))} | AO5: {=IF(OR(AN5=0,AN5=""),"",INDEX(misCriticidades,AM5)&"-"&IFERROR(MATCH(AN5,miOrdenTarjeta,0),0))} | AQ5: =AQ4--(AS4=0) -> 1 | AR5: =IF(AQ5>AQ4,IFERROR(IF(AT$1="v",SMALL(AP$2:AP$101,AQ5),LARGE(AP$2:AP$101,AQ5)),""),AR4) | AS5: {=IF(AR5="","",IF(AR5<>AR4,1,IF(AS4=misLíneas-2,0,AS4+1)))} | AT5: {=IF(OR(AS5=0,AS5=""),"",INDEX(misCriticidades,AR5)&"-"&IFERROR(MATCH(AS5,miOrdenTarjeta,0),0))} | AV5: =AV4--(AX4=0) -> 1 | AW5: =IF(AV5>AV4,IFERROR(IF(AY$1="v",SMALL(AU$2:AU$101,AV5),LARGE(AU$2:AU$101,AV5)),""),AW4) | AX5: {=IF(AW5="","",IF(AW5<>AW4,1,IF(AX4=misLíneas-2,0,AX4+1)))} | AY5: {=IF(OR(AX5=0,AX5=""),"",INDEX(misCriticidades,AW5)&"-"&IFERROR(MATCH(AX5,miOrdenTarjeta,0),0))}
C6: =C5--(E5=0) -> 1 | D6: =IF(C6>C5,IFERROR(IF(F$1="v",SMALL(B$2:B$101,C6),LARGE(B$2:B$101,C6)),""),D5) | E6: {=IF(D6="","",IF(D6<>D5,1,IF(E5=misLíneas-2,0,E5+1)))} | F6: {=IF(OR(E6=0,E6=""),"",INDEX(misCriticidades,D6)&"-"&IFERROR(MATCH(E6,miOrdenTarjeta,0),0))} | H6: =H5--(J5=0) -> 1 | I6: =IF(H6>H5,IFERROR(IF(K$1="v",SMALL(G$2:G$101,H6),LARGE(G$2:G$101,H6)),""),I5) -> 33 | J6: {=IF(I6="","",IF(I6<>I5,1,IF(J5=misLíneas-2,0,J5+1)))} -> 4 | K6: {=IF(OR(J6=0,J6=""),"",INDEX(misCriticidades,I6)&"-"&IFERROR(MATCH(J6,miOrdenTarjeta,0),0))} -> 2-4 | M6: =M5--(O5=0) -> 1 | N6: =IF(M6>M5,IFERROR(IF(P$1="v",SMALL(L$2:L$101,M6),LARGE(L$2:L$101,M6)),""),N5) | O6: {=IF(N6="","",IF(N6<>N5,1,IF(O5=misLíneas-2,0,O5+1)))} | P6: {=IF(OR(O6=0,O6=""),"",INDEX(misCriticidades,N6)&"-"&IFERROR(MATCH(O6,miOrdenTarjeta,0),0))} | Q6: 5 | R6: =R5--(T5=0) -> 1 | S6: =IF(R6>R5,IFERROR(IF(U$1="v",SMALL(Q$2:Q$101,R6),LARGE(Q$2:Q$101,R6)),""),S5) -> 29 | T6: {=IF(S6="","",IF(S6<>S5,1,IF(T5=misLíneas-2,0,T5+1)))} -> 4 | U6: {=IF(OR(T6=0,T6=""),"",INDEX(misCriticidades,S6)&"-"&IFERROR(MATCH(T6,miOrdenTarjeta,0),0))} -> 3-4 | W6: =W5--(Y5=0) -> 1 | X6: =IF(W6>W5,IFERROR(IF(Z$1="v",SMALL(V$2:V$101,W6),LARGE(V$2:V$101,W6)),""),X5) | Y6: {=IF(X6="","",IF(X6<>X5,1,IF(Y5=misLíneas-2,0,Y5+1)))} | Z6: {=IF(OR(Y6=0,Y6=""),"",INDEX(misCriticidades,X6)&"-"&IFERROR(MATCH(Y6,miOrdenTarjeta,0),0))} | AB6: =AB5--(AD5=0) -> 1 | AC6: =IF(AB6>AB5,IFERROR(IF(AE$1="v",SMALL(AA$2:AA$101,AB6),LARGE(AA$2:AA$101,AB6)),""),AC5) | AD6: {=IF(AC6="","",IF(AC6<>AC5,1,IF(AD5=misLíneas-2,0,AD5+1)))} | AE6: {=IF(OR(AD6=0,AD6=""),"",INDEX(misCriticidades,AC6)&"-"&IFERROR(MATCH(AD6,miOrdenTarjeta,0),0))} | AG6: =AG5--(AI5=0) -> 1 | AH6: =IF(AG6>AG5,IFERROR(IF(AJ$1="v",SMALL(AF$2:AF$101,AG6),LARGE(AF$2:AF$101,AG6)),""),AH5) | AI6: {=IF(AH6="","",IF(AH6<>AH5,1,IF(AI5=misLíneas-2,0,AI5+1)))} | AJ6: {=IF(OR(AI6=0,AI6=""),"",INDEX(misCriticidades,AH6)&"-"&IFERROR(MATCH(AI6,miOrdenTarjeta,0),0))} | AL6: =AL5--(AN5=0) -> 1 | AM6: =IF(AL6>AL5,IFERROR(IF(AO$1="v",SMALL(AK$2:AK$101,AL6),LARGE(AK$2:AK$101,AL6)),""),AM5) | AN6: {=IF(AM6="","",IF(AM6<>AM5,1,IF(AN5=misLíneas-2,0,AN5+1)))} | AO6: {=IF(OR(AN6=0,AN6=""),"",INDEX(misCriticidades,AM6)&"-"&IFERROR(MATCH(AN6,miOrdenTarjeta,0),0))} | AQ6: =AQ5--(AS5=0) -> 1 | AR6: =IF(AQ6>AQ5,IFERROR(IF(AT$1="v",SMALL(AP$2:AP$101,AQ6),LARGE(AP$2:AP$101,AQ6)),""),AR5) | AS6: {=IF(AR6="","",IF(AR6<>AR5,1,IF(AS5=misLíneas-2,0,AS5+1)))} | AT6: {=IF(OR(AS6=0,AS6=""),"",INDEX(misCriticidades,AR6)&"-"&IFERROR(MATCH(AS6,miOrdenTarjeta,0),0))} | AV6: =AV5--(AX5=0) -> 1 | AW6: =IF(AV6>AV5,IFERROR(IF(AY$1="v",SMALL(AU$2:AU$101,AV6),LARGE(AU$2:AU$101,AV6)),""),AW5) | AX6: {=IF(AW6="","",IF(AW6<>AW5,1,IF(AX5=misLíneas-2,0,AX5+1)))} | AY6: {=IF(OR(AX6=0,AX6=""),"",INDEX(misCriticidades,AW6)&"-"&IFERROR(MATCH(AX6,miOrdenTarjeta,0),0))}
